Datetime,Open,High,Low,Close,Volume,Dividends,Stock Splits,Capital Gains
2024-02-16 09:15:00+08:00,6.849999904632568,6.849999904632568,6.849999904632568,6.849999904632568,0,0.0,0.0,0.0
2024-02-16 09:20:00+08:00,6.849999904632568,6.849999904632568,6.849999904632568,6.849999904632568,5000,0.0,0.0,0.0
2024-02-16 09:40:00+08:00,6.849999904632568,6.849999904632568,6.849999904632568,6.849999904632568,26000,0.0,0.0,0.0
2024-02-16 09:55:00+08:00,6.849999904632568,6.849999904632568,6.849999904632568,6.849999904632568,1000,0.0,0.0,0.0
2024-02-16 10:35:00+08:00,6.849999904632568,6.849999904632568,6.849999904632568,6.849999904632568,9000,0.0,0.0,0.0
2024-02-16 10:50:00+08:00,6.849999904632568,6.849999904632568,6.849999904632568,6.849999904632568,30000,0.0,0.0,0.0
2024-02-16 11:30:00+08:00,6.849999904632568,6.849999904632568,6.849999904632568,6.849999904632568,0,0.0,0.0,0.0
2024-02-16 11:45:00+08:00,6.849999904632568,6.849999904632568,6.849999904632568,6.849999904632568,107000,0.0,0.0,0.0
2024-02-16 12:05:00+08:00,6.849999904632568,6.849999904632568,6.849999904632568,6.849999904632568,1000,0.0,0.0,0.0
2024-02-16 12:15:00+08:00,6.849999904632568,6.849999904632568,6.849999904632568,6.849999904632568,27000,0.0,0.0,0.0
2024-02-16 12:30:00+08:00,6.849999904632568,6.849999904632568,6.849999904632568,6.849999904632568,20000,0.0,0.0,0.0
2024-02-16 12:40:00+08:00,6.840000152587891,6.840000152587891,6.840000152587891,6.840000152587891,37000,0.0,0.0,0.0
2024-02-16 12:55:00+08:00,6.840000152587891,6.840000152587891,6.829999923706055,6.829999923706055,10000,0.0,0.0,0.0
2024-02-16 13:05:00+08:00,6.849999904632568,6.849999904632568,6.849999904632568,6.849999904632568,1000,0.0,0.0,0.0
2024-02-19 09:00:00+08:00,6.829999923706055,6.829999923706055,6.829999923706055,6.829999923706055,0,0.0,0.0,0.0
2024-02-19 09:05:00+08:00,6.829999923706055,6.829999923706055,6.820000171661377,6.820000171661377,6000,0.0,0.0,0.0
2024-02-19 09:50:00+08:00,6.820000171661377,6.820000171661377,6.820000171661377,6.820000171661377,20000,0.0,0.0,0.0
2024-02-19 09:55:00+08:00,6.820000171661377,6.820000171661377,6.820000171661377,6.820000171661377,3000,0.0,0.0,0.0
2024-02-19 10:15:00+08:00,6.820000171661377,6.820000171661377,6.820000171661377,6.820000171661377,1000,0.0,0.0,0.0
2024-02-19 10:55:00+08:00,6.820000171661377,6.820000171661377,6.820000171661377,6.820000171661377,50000,0.0,0.0,0.0
2024-02-19 11:00:00+08:00,6.820000171661377,6.820000171661377,6.820000171661377,6.820000171661377,6000,0.0,0.0,0.0
2024-02-19 11:15:00+08:00,6.820000171661377,6.820000171661377,6.820000171661377,6.820000171661377,4000,0.0,0.0,0.0
2024-02-19 11:25:00+08:00,6.820000171661377,6.820000171661377,6.820000171661377,6.820000171661377,3000,0.0,0.0,0.0
2024-02-19 11:40:00+08:00,6.820000171661377,6.820000171661377,6.820000171661377,6.820000171661377,4000,0.0,0.0,0.0
2024-02-19 12:00:00+08:00,6.829999923706055,6.829999923706055,6.829999923706055,6.829999923706055,10000,0.0,0.0,0.0
2024-02-19 12:05:00+08:00,6.820000171661377,6.820000171661377,6.820000171661377,6.820000171661377,7000,0.0,0.0,0.0
2024-02-19 12:15:00+08:00,6.829999923706055,6.829999923706055,6.829999923706055,6.829999923706055,5000,0.0,0.0,0.0
2024-02-19 12:40:00+08:00,6.840000152587891,6.840000152587891,6.840000152587891,6.840000152587891,1000,0.0,0.0,0.0
2024-02-20 09:20:00+08:00,6.809999942779541,6.809999942779541,6.809999942779541,6.809999942779541,15000,0.0,0.0,0.0
2024-02-20 09:25:00+08:00,6.809999942779541,6.809999942779541,6.809999942779541,6.809999942779541,3000,0.0,0.0,0.0
2024-02-20 09:30:00+08:00,6.809999942779541,6.809999942779541,6.809999942779541,6.809999942779541,5000,0.0,0.0,0.0
2024-02-20 09:50:00+08:00,6.820000171661377,6.820000171661377,6.820000171661377,6.820000171661377,14000,0.0,0.0,0.0
2024-02-20 10:05:00+08:00,6.820000171661377,6.820000171661377,6.820000171661377,6.820000171661377,16000,0.0,0.0,0.0
2024-02-20 10:10:00+08:00,6.809999942779541,6.809999942779541,6.809999942779541,6.809999942779541,4000,0.0,0.0,0.0
2024-02-20 10:55:00+08:00,6.820000171661377,6.820000171661377,6.820000171661377,6.820000171661377,5000,0.0,0.0,0.0
2024-02-20 11:45:00+08:00,6.829999923706055,6.829999923706055,6.829999923706055,6.829999923706055,16000,0.0,0.0,0.0
2024-02-20 12:10:00+08:00,6.820000171661377,6.820000171661377,6.820000171661377,6.820000171661377,1000,0.0,0.0,0.0
2024-02-20 12:15:00+08:00,6.820000171661377,6.820000171661377,6.820000171661377,6.820000171661377,2000,0.0,0.0,0.0
2024-02-20 12:45:00+08:00,6.829999923706055,6.829999923706055,6.829999923706055,6.829999923706055,2000,0.0,0.0,0.0
2024-02-20 13:05:00+08:00,6.820000171661377,6.820000171661377,6.820000171661377,6.820000171661377,2000,0.0,0.0,0.0
2024-02-20 13:20:00+08:00,6.829999923706055,6.829999923706055,6.829999923706055,6.829999923706055,20000,0.0,0.0,0.0
2024-02-21 09:00:00+08:00,6.789999961853027,6.789999961853027,6.789999961853027,6.789999961853027,0,0.0,0.0,0.0
2024-02-21 09:05:00+08:00,6.800000190734863,6.800000190734863,6.78000020980835,6.78000020980835,5000,0.0,0.0,0.0
2024-02-21 09:15:00+08:00,6.800000190734863,6.800000190734863,6.800000190734863,6.800000190734863,4000,0.0,0.0,0.0
2024-02-21 09:30:00+08:00,6.800000190734863,6.800000190734863,6.800000190734863,6.800000190734863,11000,0.0,0.0,0.0
2024-02-21 09:35:00+08:00,6.800000190734863,6.800000190734863,6.800000190734863,6.800000190734863,3000,0.0,0.0,0.0
2024-02-21 10:05:00+08:00,6.800000190734863,6.800000190734863,6.800000190734863,6.800000190734863,4000,0.0,0.0,0.0
2024-02-21 10:30:00+08:00,6.800000190734863,6.800000190734863,6.800000190734863,6.800000190734863,3000,0.0,0.0,0.0
2024-02-21 10:50:00+08:00,6.789999961853027,6.789999961853027,6.789999961853027,6.789999961853027,4000,0.0,0.0,0.0
2024-02-21 11:10:00+08:00,6.789999961853027,6.789999961853027,6.789999961853027,6.789999961853027,4000,0.0,0.0,0.0
2024-02-21 11:30:00+08:00,6.800000190734863,6.800000190734863,6.800000190734863,6.800000190734863,1000,0.0,0.0,0.0
2024-02-21 12:05:00+08:00,6.800000190734863,6.800000190734863,6.800000190734863,6.800000190734863,4000,0.0,0.0,0.0
2024-02-21 12:15:00+08:00,6.789999961853027,6.789999961853027,6.78000020980835,6.78000020980835,7000,0.0,0.0,0.0
2024-02-21 12:30:00+08:00,6.789999961853027,6.789999961853027,6.78000020980835,6.78000020980835,40000,0.0,0.0,0.0
2024-02-21 12:50:00+08:00,6.800000190734863,6.800000190734863,6.800000190734863,6.800000190734863,1000,0.0,0.0,0.0
2024-02-21 13:05:00+08:00,6.800000190734863,6.800000190734863,6.800000190734863,6.800000190734863,4000,0.0,0.0,0.0
2024-02-21 13:10:00+08:00,6.800000190734863,6.800000190734863,6.800000190734863,6.800000190734863,6000,0.0,0.0,0.0
2024-02-21 13:15:00+08:00,6.800000190734863,6.800000190734863,6.800000190734863,6.800000190734863,0,0.0,0.0,0.0
2024-02-22 09:00:00+08:00,6.820000171661377,6.820000171661377,6.820000171661377,6.820000171661377,5000,0.0,0.0,0.0
2024-02-22 09:05:00+08:00,6.829999923706055,6.829999923706055,6.829999923706055,6.829999923706055,0,0.0,0.0,0.0
2024-02-22 09:15:00+08:00,6.820000171661377,6.829999923706055,6.820000171661377,6.829999923706055,54000,0.0,0.0,0.0
2024-02-22 09:20:00+08:00,6.820000171661377,6.820000171661377,6.820000171661377,6.820000171661377,4000,0.0,0.0,0.0
2024-02-22 09:25:00+08:00,6.820000171661377,6.829999923706055,6.820000171661377,6.829999923706055,27000,0.0,0.0,0.0
2024-02-22 11:30:00+08:00,6.829999923706055,6.829999923706055,6.829999923706055,6.829999923706055,5000,0.0,0.0,0.0
2024-02-22 11:55:00+08:00,6.849999904632568,6.849999904632568,6.849999904632568,6.849999904632568,2052,0.0,0.0,0.0
2024-02-22 12:10:00+08:00,6.849999904632568,6.849999904632568,6.849999904632568,6.849999904632568,3000,0.0,0.0,0.0
2024-02-22 12:25:00+08:00,6.860000133514404,6.860000133514404,6.860000133514404,6.860000133514404,4000,0.0,0.0,0.0
2024-02-22 12:35:00+08:00,6.869999885559082,6.869999885559082,6.869999885559082,6.869999885559082,13000,0.0,0.0,0.0
2024-02-22 12:45:00+08:00,6.869999885559082,6.869999885559082,6.869999885559082,6.869999885559082,5000,0.0,0.0,0.0
2024-02-22 12:50:00+08:00,6.880000114440918,6.880000114440918,6.880000114440918,6.880000114440918,0,0.0,0.0,0.0
2024-02-22 13:00:00+08:00,6.880000114440918,6.880000114440918,6.880000114440918,6.880000114440918,137052,0.0,0.0,0.0
2024-02-22 13:05:00+08:00,6.880000114440918,6.889999866485596,6.880000114440918,6.889999866485596,11000,0.0,0.0,0.0
2024-02-22 13:10:00+08:00,6.880000114440918,6.880000114440918,6.880000114440918,6.880000114440918,20000,0.0,0.0,0.0
2024-02-22 13:20:00+08:00,6.880000114440918,6.880000114440918,6.869999885559082,6.869999885559082,4000,0.0,0.0,0.0
2024-02-23 09:00:00+08:00,6.789999961853027,6.789999961853027,6.78000020980835,6.78000020980835,0,0.0,0.0,0.0
2024-02-23 09:05:00+08:00,6.78000020980835,6.78000020980835,6.78000020980835,6.78000020980835,1000,0.0,0.0,0.0
2024-02-23 09:10:00+08:00,6.78000020980835,6.78000020980835,6.78000020980835,6.78000020980835,22000,0.0,0.0,0.0
2024-02-23 09:15:00+08:00,6.78000020980835,6.78000020980835,6.78000020980835,6.78000020980835,13000,0.0,0.0,0.0
2024-02-23 09:25:00+08:00,6.769999980926514,6.769999980926514,6.769999980926514,6.769999980926514,3000,0.0,0.0,0.0
2024-02-23 09:55:00+08:00,6.78000020980835,6.78000020980835,6.78000020980835,6.78000020980835,1000,0.0,0.0,0.0
2024-02-23 10:05:00+08:00,6.78000020980835,6.78000020980835,6.78000020980835,6.78000020980835,3000,0.0,0.0,0.0
2024-02-23 10:20:00+08:00,6.78000020980835,6.78000020980835,6.78000020980835,6.78000020980835,1000,0.0,0.0,0.0
2024-02-23 10:50:00+08:00,6.78000020980835,6.78000020980835,6.78000020980835,6.78000020980835,1000,0.0,0.0,0.0
2024-02-23 11:10:00+08:00,6.78000020980835,6.78000020980835,6.78000020980835,6.78000020980835,8100,0.0,0.0,0.0
2024-02-23 11:45:00+08:00,6.78000020980835,6.78000020980835,6.78000020980835,6.78000020980835,10000,0.0,0.0,0.0
2024-02-23 11:55:00+08:00,6.789999961853027,6.789999961853027,6.789999961853027,6.789999961853027,4000,0.0,0.0,0.0
2024-02-23 12:55:00+08:00,6.78000020980835,6.789999961853027,6.78000020980835,6.789999961853027,16000,0.0,0.0,0.0
2024-02-23 13:20:00+08:00,6.789999961853027,6.789999961853027,6.78000020980835,6.78000020980835,14000,0.0,0.0,0.0
2024-02-26 09:00:00+08:00,6.800000190734863,6.800000190734863,6.78000020980835,6.800000190734863,0,0.0,0.0,0.0
2024-02-26 09:15:00+08:00,6.809999942779541,6.809999942779541,6.809999942779541,6.809999942779541,1000,0.0,0.0,0.0
2024-02-26 09:20:00+08:00,6.809999942779541,6.809999942779541,6.809999942779541,6.809999942779541,1000,0.0,0.0,0.0
2024-02-26 09:35:00+08:00,6.800000190734863,6.800000190734863,6.800000190734863,6.800000190734863,3000,0.0,0.0,0.0
2024-02-26 11:40:00+08:00,6.809999942779541,6.809999942779541,6.809999942779541,6.809999942779541,20000,0.0,0.0,0.0
2024-02-26 11:45:00+08:00,6.809999942779541,6.809999942779541,6.809999942779541,6.809999942779541,20000,0.0,0.0,0.0
2024-02-26 11:55:00+08:00,6.809999942779541,6.809999942779541,6.809999942779541,6.809999942779541,4000,0.0,0.0,0.0
2024-02-26 12:20:00+08:00,6.820000171661377,6.820000171661377,6.820000171661377,6.820000171661377,4000,0.0,0.0,0.0
2024-02-26 12:25:00+08:00,6.820000171661377,6.820000171661377,6.820000171661377,6.820000171661377,8000,0.0,0.0,0.0
2024-02-26 12:35:00+08:00,6.809999942779541,6.809999942779541,6.809999942779541,6.809999942779541,1000,0.0,0.0,0.0
2024-02-26 12:45:00+08:00,6.829999923706055,6.829999923706055,6.820000171661377,6.820000171661377,19000,0.0,0.0,0.0
2024-02-26 12:50:00+08:00,6.820000171661377,6.820000171661377,6.820000171661377,6.820000171661377,2000,0.0,0.0,0.0
2024-02-26 12:55:00+08:00,6.829999923706055,6.829999923706055,6.829999923706055,6.829999923706055,4000,0.0,0.0,0.0
2024-02-26 13:00:00+08:00,6.829999923706055,6.829999923706055,6.820000171661377,6.820000171661377,18000,0.0,0.0,0.0
2024-02-26 13:05:00+08:00,6.829999923706055,6.829999923706055,6.829999923706055,6.829999923706055,8000,0.0,0.0,0.0
2024-02-26 13:10:00+08:00,6.829999923706055,6.829999923706055,6.829999923706055,6.829999923706055,10000,0.0,0.0,0.0
2024-02-26 13:15:00+08:00,6.829999923706055,6.829999923706055,6.829999923706055,6.829999923706055,2000,0.0,0.0,0.0
2024-02-26 13:20:00+08:00,6.829999923706055,6.829999923706055,6.829999923706055,6.829999923706055,2000,0.0,0.0,0.0
2024-02-27 10:10:00+08:00,6.829999923706055,6.829999923706055,6.829999923706055,6.829999923706055,0,0.0,0.0,0.0
2024-02-27 10:15:00+08:00,6.829999923706055,6.829999923706055,6.829999923706055,6.829999923706055,4000,0.0,0.0,0.0
2024-02-27 11:35:00+08:00,6.840000152587891,6.840000152587891,6.840000152587891,6.840000152587891,7000,0.0,0.0,0.0
2024-02-27 11:50:00+08:00,6.840000152587891,6.840000152587891,6.840000152587891,6.840000152587891,1000,0.0,0.0,0.0
2024-02-27 12:10:00+08:00,6.840000152587891,6.840000152587891,6.840000152587891,6.840000152587891,4000,0.0,0.0,0.0
2024-02-27 12:35:00+08:00,6.840000152587891,6.840000152587891,6.840000152587891,6.840000152587891,2000,0.0,0.0,0.0
2024-02-27 12:50:00+08:00,6.840000152587891,6.840000152587891,6.840000152587891,6.840000152587891,12000,0.0,0.0,0.0
2024-02-27 13:20:00+08:00,6.840000152587891,6.840000152587891,6.840000152587891,6.840000152587891,2000,0.0,0.0,0.0
2024-02-29 09:00:00+08:00,6.840000152587891,6.869999885559082,6.840000152587891,6.869999885559082,0,0.0,0.0,0.0
2024-02-29 09:35:00+08:00,6.880000114440918,6.880000114440918,6.880000114440918,6.880000114440918,3000,0.0,0.0,0.0
2024-02-29 10:40:00+08:00,6.889999866485596,6.889999866485596,6.889999866485596,6.889999866485596,8000,0.0,0.0,0.0
2024-02-29 10:45:00+08:00,6.900000095367432,6.900000095367432,6.900000095367432,6.900000095367432,3000,0.0,0.0,0.0
2024-02-29 10:55:00+08:00,6.889999866485596,6.889999866485596,6.889999866485596,6.889999866485596,2000,0.0,0.0,0.0
2024-02-29 11:15:00+08:00,6.900000095367432,6.900000095367432,6.900000095367432,6.900000095367432,3000,0.0,0.0,0.0
2024-02-29 11:35:00+08:00,6.900000095367432,6.900000095367432,6.900000095367432,6.900000095367432,2000,0.0,0.0,0.0
2024-02-29 11:45:00+08:00,6.900000095367432,6.900000095367432,6.900000095367432,6.900000095367432,3000,0.0,0.0,0.0
2024-02-29 11:50:00+08:00,6.900000095367432,6.900000095367432,6.900000095367432,6.900000095367432,2000,0.0,0.0,0.0
2024-02-29 12:45:00+08:00,6.900000095367432,6.900000095367432,6.900000095367432,6.900000095367432,3000,0.0,0.0,0.0
2024-02-29 12:55:00+08:00,6.909999847412109,6.909999847412109,6.909999847412109,6.909999847412109,2000,0.0,0.0,0.0
2024-02-29 13:05:00+08:00,6.900000095367432,6.900000095367432,6.900000095367432,6.900000095367432,5000,0.0,0.0,0.0
2024-02-29 13:15:00+08:00,6.900000095367432,6.900000095367432,6.900000095367432,6.900000095367432,15000,0.0,0.0,0.0
2024-02-29 13:20:00+08:00,6.900000095367432,6.900000095367432,6.900000095367432,6.900000095367432,2000,0.0,0.0,0.0
2024-03-01 10:55:00+08:00,6.849999904632568,6.849999904632568,6.849999904632568,6.849999904632568,0,0.0,0.0,0.0
2024-03-01 11:10:00+08:00,6.849999904632568,6.849999904632568,6.849999904632568,6.849999904632568,15000,0.0,0.0,0.0
2024-03-01 12:55:00+08:00,6.829999923706055,6.829999923706055,6.829999923706055,6.829999923706055,3000,0.0,0.0,0.0
2024-03-01 13:00:00+08:00,6.829999923706055,6.840000152587891,6.829999923706055,6.829999923706055,12000,0.0,0.0,0.0
2024-03-01 13:20:00+08:00,6.829999923706055,6.829999923706055,6.820000171661377,6.820000171661377,119000,0.0,0.0,0.0
2024-03-04 09:00:00+08:00,6.739999771118164,6.739999771118164,6.739999771118164,6.739999771118164,0,0.0,0.0,0.0
2024-03-04 09:05:00+08:00,6.75,6.75,6.739999771118164,6.739999771118164,50000,0.0,0.0,0.0
2024-03-04 09:10:00+08:00,6.75,6.760000228881836,6.75,6.760000228881836,28000,0.0,0.0,0.0
2024-03-04 09:15:00+08:00,6.760000228881836,6.760000228881836,6.760000228881836,6.760000228881836,3000,0.0,0.0,0.0
2024-03-04 09:35:00+08:00,6.760000228881836,6.760000228881836,6.760000228881836,6.760000228881836,5000,0.0,0.0,0.0
2024-03-04 09:40:00+08:00,6.760000228881836,6.760000228881836,6.760000228881836,6.760000228881836,17000,0.0,0.0,0.0
2024-03-04 10:50:00+08:00,6.760000228881836,6.760000228881836,6.760000228881836,6.760000228881836,9000,0.0,0.0,0.0
2024-03-04 11:40:00+08:00,6.75,6.75,6.75,6.75,4000,0.0,0.0,0.0
2024-03-04 12:05:00+08:00,6.760000228881836,6.760000228881836,6.760000228881836,6.760000228881836,1000,0.0,0.0,0.0
2024-03-04 12:10:00+08:00,6.769999980926514,6.769999980926514,6.769999980926514,6.769999980926514,20000,0.0,0.0,0.0
2024-03-04 12:50:00+08:00,6.760000228881836,6.760000228881836,6.760000228881836,6.760000228881836,1344,0.0,0.0,0.0
2024-03-04 13:05:00+08:00,6.760000228881836,6.760000228881836,6.760000228881836,6.760000228881836,1000,0.0,0.0,0.0
2024-03-04 13:20:00+08:00,6.760000228881836,6.760000228881836,6.760000228881836,6.760000228881836,0,0.0,0.0,0.0
2024-03-05 09:05:00+08:00,6.769999980926514,6.769999980926514,6.769999980926514,6.769999980926514,1030,0.0,0.0,0.0
2024-03-05 10:10:00+08:00,6.760000228881836,6.760000228881836,6.760000228881836,6.760000228881836,3000,0.0,0.0,0.0
2024-03-05 10:40:00+08:00,6.769999980926514,6.769999980926514,6.769999980926514,6.769999980926514,13000,0.0,0.0,0.0
2024-03-05 11:35:00+08:00,6.769999980926514,6.769999980926514,6.769999980926514,6.769999980926514,17000,0.0,0.0,0.0
2024-03-05 12:00:00+08:00,6.78000020980835,6.78000020980835,6.78000020980835,6.78000020980835,5000,0.0,0.0,0.0
2024-03-05 12:25:00+08:00,6.78000020980835,6.78000020980835,6.78000020980835,6.78000020980835,2000,0.0,0.0,0.0
2024-03-05 13:10:00+08:00,6.789999961853027,6.789999961853027,6.789999961853027,6.789999961853027,6000,0.0,0.0,0.0
2024-03-05 13:20:00+08:00,6.800000190734863,6.800000190734863,6.789999961853027,6.789999961853027,7000,0.0,0.0,0.0
2024-03-06 09:20:00+08:00,6.789999961853027,6.789999961853027,6.789999961853027,6.789999961853027,0,0.0,0.0,0.0
2024-03-06 10:45:00+08:00,6.789999961853027,6.789999961853027,6.789999961853027,6.789999961853027,1058,0.0,0.0,0.0
2024-03-06 11:20:00+08:00,6.789999961853027,6.789999961853027,6.789999961853027,6.789999961853027,3000,0.0,0.0,0.0
2024-03-06 12:05:00+08:00,6.800000190734863,6.800000190734863,6.800000190734863,6.800000190734863,1000,0.0,0.0,0.0
2024-03-06 12:15:00+08:00,6.789999961853027,6.789999961853027,6.789999961853027,6.789999961853027,3000,0.0,0.0,0.0
2024-03-06 12:45:00+08:00,6.800000190734863,6.800000190734863,6.800000190734863,6.800000190734863,7000,0.0,0.0,0.0
2024-03-06 13:00:00+08:00,6.800000190734863,6.800000190734863,6.800000190734863,6.800000190734863,5000,0.0,0.0,0.0
2024-03-07 09:00:00+08:00,6.730000019073486,6.730000019073486,6.730000019073486,6.730000019073486,0,0.0,0.0,0.0
2024-03-07 09:05:00+08:00,6.739999771118164,6.739999771118164,6.730000019073486,6.730000019073486,2000,0.0,0.0,0.0
2024-03-07 09:10:00+08:00,6.730000019073486,6.730000019073486,6.730000019073486,6.730000019073486,3052,0.0,0.0,0.0
2024-03-07 09:45:00+08:00,6.71999979019165,6.71999979019165,6.71999979019165,6.71999979019165,2000,0.0,0.0,0.0
2024-03-07 09:50:00+08:00,6.71999979019165,6.71999979019165,6.71999979019165,6.71999979019165,15000,0.0,0.0,0.0
2024-03-07 09:55:00+08:00,6.730000019073486,6.730000019073486,6.730000019073486,6.730000019073486,3050,0.0,0.0,0.0
2024-03-07 10:10:00+08:00,6.730000019073486,6.730000019073486,6.730000019073486,6.730000019073486,2000,0.0,0.0,0.0
2024-03-07 10:35:00+08:00,6.730000019073486,6.730000019073486,6.730000019073486,6.730000019073486,2000,0.0,0.0,0.0
2024-03-07 12:50:00+08:00,6.760000228881836,6.760000228881836,6.760000228881836,6.760000228881836,4000,0.0,0.0,0.0
2024-03-07 13:10:00+08:00,6.75,6.75,6.75,6.75,10000,0.0,0.0,0.0
2024-03-08 10:20:00+08:00,6.730000019073486,6.730000019073486,6.730000019073486,6.730000019073486,0,0.0,0.0,0.0
2024-03-08 11:15:00+08:00,6.730000019073486,6.730000019073486,6.730000019073486,6.730000019073486,5000,0.0,0.0,0.0
2024-03-08 11:20:00+08:00,6.730000019073486,6.730000019073486,6.730000019073486,6.730000019073486,2000,0.0,0.0,0.0
2024-03-08 11:50:00+08:00,6.71999979019165,6.71999979019165,6.71999979019165,6.71999979019165,2000,0.0,0.0,0.0
2024-03-08 12:00:00+08:00,6.71999979019165,6.71999979019165,6.71999979019165,6.71999979019165,15000,0.0,0.0,0.0
2024-03-08 12:05:00+08:00,6.71999979019165,6.71999979019165,6.71999979019165,6.71999979019165,11000,0.0,0.0,0.0
2024-03-08 12:10:00+08:00,6.71999979019165,6.71999979019165,6.71999979019165,6.71999979019165,3000,0.0,0.0,0.0
2024-03-08 12:25:00+08:00,6.71999979019165,6.71999979019165,6.71999979019165,6.71999979019165,2000,0.0,0.0,0.0
2024-03-11 09:05:00+08:00,6.730000019073486,6.730000019073486,6.730000019073486,6.730000019073486,0,0.0,0.0,0.0
2024-03-11 09:10:00+08:00,6.730000019073486,6.730000019073486,6.730000019073486,6.730000019073486,5025,0.0,0.0,0.0
2024-03-11 11:25:00+08:00,6.730000019073486,6.730000019073486,6.730000019073486,6.730000019073486,10000,0.0,0.0,0.0
2024-03-11 11:50:00+08:00,6.739999771118164,6.739999771118164,6.739999771118164,6.739999771118164,4000,0.0,0.0,0.0
2024-03-11 12:05:00+08:00,6.739999771118164,6.739999771118164,6.739999771118164,6.739999771118164,1000,0.0,0.0,0.0
2024-03-11 12:10:00+08:00,6.75,6.75,6.75,6.75,4000,0.0,0.0,0.0
2024-03-11 12:30:00+08:00,6.760000228881836,6.760000228881836,6.760000228881836,6.760000228881836,5000,0.0,0.0,0.0
2024-03-11 12:40:00+08:00,6.760000228881836,6.760000228881836,6.760000228881836,6.760000228881836,3000,0.0,0.0,0.0
2024-03-11 12:50:00+08:00,6.760000228881836,6.760000228881836,6.760000228881836,6.760000228881836,17000,0.0,0.0,0.0
2024-03-11 12:55:00+08:00,6.769999980926514,6.769999980926514,6.769999980926514,6.769999980926514,2000,0.0,0.0,0.0
2024-03-11 13:05:00+08:00,6.769999980926514,6.769999980926514,6.769999980926514,6.769999980926514,4000,0.0,0.0,0.0
2024-03-11 13:10:00+08:00,6.760000228881836,6.760000228881836,6.760000228881836,6.760000228881836,3000,0.0,0.0,0.0
2024-03-11 13:15:00+08:00,6.78000020980835,6.78000020980835,6.78000020980835,6.78000020980835,1000,0.0,0.0,0.0
2024-03-12 09:00:00+08:00,6.789999961853027,6.789999961853027,6.769999980926514,6.769999980926514,6000,0.0,0.0,0.0
2024-03-12 09:05:00+08:00,6.789999961853027,6.789999961853027,6.789999961853027,6.789999961853027,1000,0.0,0.0,0.0
2024-03-12 09:15:00+08:00,6.78000020980835,6.78000020980835,6.78000020980835,6.78000020980835,5000,0.0,0.0,0.0
2024-03-12 09:30:00+08:00,6.78000020980835,6.78000020980835,6.78000020980835,6.78000020980835,4000,0.0,0.0,0.0
2024-03-12 09:35:00+08:00,6.769999980926514,6.769999980926514,6.769999980926514,6.769999980926514,20000,0.0,0.0,0.0
2024-03-12 10:10:00+08:00,6.789999961853027,6.789999961853027,6.789999961853027,6.789999961853027,2000,0.0,0.0,0.0
2024-03-12 10:30:00+08:00,6.769999980926514,6.769999980926514,6.769999980926514,6.769999980926514,2000,0.0,0.0,0.0
2024-03-12 10:55:00+08:00,6.78000020980835,6.78000020980835,6.78000020980835,6.78000020980835,2000,0.0,0.0,0.0
2024-03-12 11:35:00+08:00,6.769999980926514,6.769999980926514,6.769999980926514,6.769999980926514,19000,0.0,0.0,0.0
2024-03-12 11:45:00+08:00,6.78000020980835,6.78000020980835,6.78000020980835,6.78000020980835,5000,0.0,0.0,0.0
2024-03-12 11:50:00+08:00,6.769999980926514,6.769999980926514,6.769999980926514,6.769999980926514,2000,0.0,0.0,0.0
2024-03-12 12:05:00+08:00,6.769999980926514,6.769999980926514,6.769999980926514,6.769999980926514,2000,0.0,0.0,0.0
2024-03-12 12:25:00+08:00,6.75,6.75,6.75,6.75,2000,0.0,0.0,0.0
2024-03-12 12:30:00+08:00,6.760000228881836,6.760000228881836,6.760000228881836,6.760000228881836,1576,0.0,0.0,0.0
2024-03-12 13:10:00+08:00,6.75,6.75,6.75,6.75,1000,0.0,0.0,0.0
2024-03-12 13:15:00+08:00,6.789999961853027,6.789999961853027,6.789999961853027,6.789999961853027,0,0.0,0.0,0.0
2024-03-13 09:35:00+08:00,6.78000020980835,6.78000020980835,6.78000020980835,6.78000020980835,1000,0.0,0.0,0.0
2024-03-13 11:20:00+08:00,6.769999980926514,6.769999980926514,6.769999980926514,6.769999980926514,5000,0.0,0.0,0.0
2024-03-13 11:45:00+08:00,6.769999980926514,6.769999980926514,6.769999980926514,6.769999980926514,5000,0.0,0.0,0.0
2024-03-13 11:55:00+08:00,6.78000020980835,6.78000020980835,6.78000020980835,6.78000020980835,6000,0.0,0.0,0.0
2024-03-13 12:05:00+08:00,6.789999961853027,6.789999961853027,6.789999961853027,6.789999961853027,13000,0.0,0.0,0.0
2024-03-13 12:20:00+08:00,6.789999961853027,6.789999961853027,6.789999961853027,6.789999961853027,7000,0.0,0.0,0.0
2024-03-13 12:30:00+08:00,6.789999961853027,6.789999961853027,6.789999961853027,6.789999961853027,1000,0.0,0.0,0.0
2024-03-13 12:50:00+08:00,6.800000190734863,6.800000190734863,6.800000190734863,6.800000190734863,3000,0.0,0.0,0.0
2024-03-13 13:00:00+08:00,6.789999961853027,6.789999961853027,6.789999961853027,6.789999961853027,1000,0.0,0.0,0.0
2024-03-13 13:10:00+08:00,6.789999961853027,6.789999961853027,6.789999961853027,6.789999961853027,17000,0.0,0.0,0.0
2024-03-14 09:00:00+08:00,6.900000095367432,6.900000095367432,6.900000095367432,6.900000095367432,0,0.0,0.0,0.0
2024-03-14 09:05:00+08:00,6.909999847412109,6.909999847412109,6.909999847412109,6.909999847412109,11000,0.0,0.0,0.0
2024-03-14 09:10:00+08:00,6.909999847412109,6.909999847412109,6.909999847412109,6.909999847412109,26000,0.0,0.0,0.0
2024-03-14 09:15:00+08:00,6.909999847412109,6.909999847412109,6.909999847412109,6.909999847412109,10000,0.0,0.0,0.0
2024-03-14 09:25:00+08:00,6.909999847412109,6.909999847412109,6.909999847412109,6.909999847412109,9000,0.0,0.0,0.0
2024-03-14 09:40:00+08:00,6.909999847412109,6.909999847412109,6.909999847412109,6.909999847412109,13000,0.0,0.0,0.0
2024-03-14 09:45:00+08:00,6.909999847412109,6.909999847412109,6.909999847412109,6.909999847412109,4000,0.0,0.0,0.0
2024-03-14 09:50:00+08:00,6.909999847412109,6.909999847412109,6.909999847412109,6.909999847412109,2000,0.0,0.0,0.0
2024-03-14 09:55:00+08:00,6.900000095367432,6.900000095367432,6.900000095367432,6.900000095367432,1000,0.0,0.0,0.0
2024-03-14 10:20:00+08:00,6.900000095367432,6.900000095367432,6.900000095367432,6.900000095367432,1000,0.0,0.0,0.0
2024-03-14 10:45:00+08:00,6.900000095367432,6.900000095367432,6.900000095367432,6.900000095367432,2000,0.0,0.0,0.0
2024-03-14 11:45:00+08:00,6.900000095367432,6.900000095367432,6.900000095367432,6.900000095367432,6000,0.0,0.0,0.0
2024-03-14 11:50:00+08:00,6.889999866485596,6.889999866485596,6.889999866485596,6.889999866485596,5000,0.0,0.0,0.0
2024-03-14 12:00:00+08:00,6.880000114440918,6.880000114440918,6.880000114440918,6.880000114440918,10000,0.0,0.0,0.0
2024-03-14 12:25:00+08:00,6.880000114440918,6.880000114440918,6.880000114440918,6.880000114440918,3000,0.0,0.0,0.0
2024-03-14 12:30:00+08:00,6.880000114440918,6.880000114440918,6.880000114440918,6.880000114440918,1000,0.0,0.0,0.0
2024-03-14 12:50:00+08:00,6.869999885559082,6.880000114440918,6.869999885559082,6.880000114440918,14000,0.0,0.0,0.0
2024-03-14 12:55:00+08:00,6.880000114440918,6.880000114440918,6.880000114440918,6.880000114440918,0,0.0,0.0,0.0
2024-03-14 13:10:00+08:00,6.860000133514404,6.860000133514404,6.849999904632568,6.849999904632568,152000,0.0,0.0,0.0
2024-03-14 13:15:00+08:00,6.849999904632568,6.860000133514404,6.849999904632568,6.860000133514404,12000,0.0,0.0,0.0
2024-03-14 13:20:00+08:00,6.860000133514404,6.860000133514404,6.860000133514404,6.860000133514404,16000,0.0,0.0,0.0
2024-03-15 09:40:00+08:00,6.880000114440918,6.880000114440918,6.880000114440918,6.880000114440918,2000,0.0,0.0,0.0
2024-03-15 10:20:00+08:00,6.869999885559082,6.869999885559082,6.869999885559082,6.869999885559082,1000,0.0,0.0,0.0
2024-03-15 10:25:00+08:00,6.880000114440918,6.880000114440918,6.880000114440918,6.880000114440918,5000,0.0,0.0,0.0
2024-03-15 10:30:00+08:00,6.880000114440918,6.880000114440918,6.880000114440918,6.880000114440918,2000,0.0,0.0,0.0
2024-03-15 11:05:00+08:00,6.880000114440918,6.880000114440918,6.880000114440918,6.880000114440918,3000,0.0,0.0,0.0
2024-03-15 11:50:00+08:00,6.869999885559082,6.869999885559082,6.869999885559082,6.869999885559082,4000,0.0,0.0,0.0
2024-03-15 11:55:00+08:00,6.869999885559082,6.869999885559082,6.869999885559082,6.869999885559082,1000,0.0,0.0,0.0
2024-03-15 12:00:00+08:00,6.869999885559082,6.869999885559082,6.869999885559082,6.869999885559082,2000,0.0,0.0,0.0
2024-03-15 12:05:00+08:00,6.880000114440918,6.880000114440918,6.880000114440918,6.880000114440918,1000,0.0,0.0,0.0
2024-03-15 12:20:00+08:00,6.900000095367432,6.900000095367432,6.900000095367432,6.900000095367432,1000,0.0,0.0,0.0
2024-03-15 12:40:00+08:00,6.900000095367432,6.900000095367432,6.900000095367432,6.900000095367432,1000,0.0,0.0,0.0
2024-03-15 13:05:00+08:00,6.909999847412109,6.909999847412109,6.909999847412109,6.909999847412109,5000,0.0,0.0,0.0
2024-03-15 13:10:00+08:00,6.909999847412109,6.909999847412109,6.909999847412109,6.909999847412109,1000,0.0,0.0,0.0
2024-03-15 13:15:00+08:00,6.900000095367432,6.900000095367432,6.900000095367432,6.900000095367432,6000,0.0,0.0,0.0
2024-03-18 09:00:00+08:00,6.900000095367432,6.900000095367432,6.900000095367432,6.900000095367432,0,0.0,0.0,0.0
2024-03-18 09:10:00+08:00,6.900000095367432,6.900000095367432,6.900000095367432,6.900000095367432,3000,0.0,0.0,0.0
2024-03-18 10:10:00+08:00,6.909999847412109,6.909999847412109,6.909999847412109,6.909999847412109,10000,0.0,0.0,0.0
2024-03-18 11:00:00+08:00,6.900000095367432,6.900000095367432,6.900000095367432,6.900000095367432,14000,0.0,0.0,0.0
2024-03-18 11:45:00+08:00,6.900000095367432,6.900000095367432,6.900000095367432,6.900000095367432,11000,0.0,0.0,0.0
2024-03-18 12:00:00+08:00,6.889999866485596,6.889999866485596,6.889999866485596,6.889999866485596,15000,0.0,0.0,0.0
2024-03-18 12:10:00+08:00,6.909999847412109,6.909999847412109,6.909999847412109,6.909999847412109,6000,0.0,0.0,0.0
2024-03-18 12:15:00+08:00,6.909999847412109,6.909999847412109,6.909999847412109,6.909999847412109,2000,0.0,0.0,0.0
2024-03-18 12:45:00+08:00,6.889999866485596,6.889999866485596,6.889999866485596,6.889999866485596,4000,0.0,0.0,0.0
2024-03-18 13:05:00+08:00,6.889999866485596,6.889999866485596,6.889999866485596,6.889999866485596,2000,0.0,0.0,0.0
2024-03-18 13:15:00+08:00,6.889999866485596,6.889999866485596,6.880000114440918,6.889999866485596,40000,0.0,0.0,0.0
2024-03-18 13:20:00+08:00,6.900000095367432,6.900000095367432,6.900000095367432,6.900000095367432,0,0.0,0.0,0.0
2024-03-19 10:10:00+08:00,6.900000095367432,6.900000095367432,6.900000095367432,6.900000095367432,7000,0.0,0.0,0.0
2024-03-19 12:00:00+08:00,6.920000076293945,6.920000076293945,6.920000076293945,6.920000076293945,4000,0.0,0.0,0.0
2024-03-19 12:25:00+08:00,6.920000076293945,6.929999828338623,6.920000076293945,6.929999828338623,4000,0.0,0.0,0.0
2024-03-19 12:30:00+08:00,6.929999828338623,6.929999828338623,6.929999828338623,6.929999828338623,3000,0.0,0.0,0.0
2024-03-19 12:45:00+08:00,6.940000057220459,6.949999809265137,6.940000057220459,6.949999809265137,16000,0.0,0.0,0.0
2024-03-19 13:00:00+08:00,6.949999809265137,6.949999809265137,6.949999809265137,6.949999809265137,45000,0.0,0.0,0.0
2024-03-19 13:05:00+08:00,6.949999809265137,6.949999809265137,6.949999809265137,6.949999809265137,5000,0.0,0.0,0.0
2024-03-19 13:10:00+08:00,6.960000038146973,6.960000038146973,6.960000038146973,6.960000038146973,46000,0.0,0.0,0.0
2024-03-19 13:15:00+08:00,6.949999809265137,6.949999809265137,6.949999809265137,6.949999809265137,10000,0.0,0.0,0.0
2024-03-20 09:00:00+08:00,6.960000038146973,6.960000038146973,6.940000057220459,6.940000057220459,0,0.0,0.0,0.0
2024-03-20 09:10:00+08:00,6.940000057220459,6.940000057220459,6.940000057220459,6.940000057220459,3000,0.0,0.0,0.0
2024-03-20 09:20:00+08:00,6.949999809265137,6.949999809265137,6.949999809265137,6.949999809265137,5000,0.0,0.0,0.0
2024-03-20 09:30:00+08:00,6.949999809265137,6.949999809265137,6.949999809265137,6.949999809265137,10018,0.0,0.0,0.0
2024-03-20 09:40:00+08:00,6.949999809265137,6.949999809265137,6.949999809265137,6.949999809265137,2000,0.0,0.0,0.0
2024-03-20 09:45:00+08:00,6.960000038146973,6.960000038146973,6.960000038146973,6.960000038146973,12000,0.0,0.0,0.0
2024-03-20 09:50:00+08:00,6.960000038146973,6.960000038146973,6.960000038146973,6.960000038146973,4000,0.0,0.0,0.0
2024-03-20 10:00:00+08:00,6.960000038146973,6.960000038146973,6.960000038146973,6.960000038146973,9000,0.0,0.0,0.0
2024-03-20 10:05:00+08:00,6.960000038146973,6.960000038146973,6.960000038146973,6.960000038146973,11000,0.0,0.0,0.0
2024-03-20 10:35:00+08:00,6.949999809265137,6.949999809265137,6.949999809265137,6.949999809265137,19000,0.0,0.0,0.0
2024-03-20 11:25:00+08:00,6.949999809265137,6.949999809265137,6.949999809265137,6.949999809265137,10000,0.0,0.0,0.0
2024-03-20 11:40:00+08:00,6.949999809265137,6.949999809265137,6.949999809265137,6.949999809265137,10000,0.0,0.0,0.0
2024-03-20 11:45:00+08:00,6.949999809265137,6.949999809265137,6.949999809265137,6.949999809265137,4000,0.0,0.0,0.0
2024-03-20 11:55:00+08:00,6.940000057220459,6.940000057220459,6.940000057220459,6.940000057220459,3000,0.0,0.0,0.0
2024-03-20 12:00:00+08:00,6.940000057220459,6.940000057220459,6.940000057220459,6.940000057220459,5000,0.0,0.0,0.0
2024-03-20 12:10:00+08:00,6.940000057220459,6.940000057220459,6.940000057220459,6.940000057220459,3000,0.0,0.0,0.0
2024-03-20 12:25:00+08:00,6.949999809265137,6.949999809265137,6.949999809265137,6.949999809265137,4000,0.0,0.0,0.0
2024-03-20 12:30:00+08:00,6.960000038146973,6.960000038146973,6.960000038146973,6.960000038146973,12000,0.0,0.0,0.0
2024-03-20 12:35:00+08:00,6.960000038146973,6.960000038146973,6.949999809265137,6.960000038146973,12000,0.0,0.0,0.0
2024-03-20 12:50:00+08:00,6.96999979019165,6.96999979019165,6.96999979019165,6.96999979019165,20000,0.0,0.0,0.0
2024-03-20 12:55:00+08:00,6.96999979019165,6.96999979019165,6.96999979019165,6.96999979019165,3000,0.0,0.0,0.0
2024-03-20 13:10:00+08:00,6.980000019073486,6.980000019073486,6.980000019073486,6.980000019073486,11000,0.0,0.0,0.0
2024-03-20 13:15:00+08:00,6.96999979019165,6.980000019073486,6.96999979019165,6.980000019073486,9000,0.0,0.0,0.0
2024-03-20 13:20:00+08:00,6.980000019073486,6.980000019073486,6.96999979019165,6.96999979019165,12655,0.0,0.0,0.0
2024-03-21 09:00:00+08:00,6.960000038146973,6.960000038146973,6.900000095367432,6.900000095367432,0,0.0,0.0,0.0
2024-03-21 09:05:00+08:00,6.900000095367432,6.900000095367432,6.900000095367432,6.900000095367432,3000,0.0,0.0,0.0
2024-03-21 09:20:00+08:00,6.900000095367432,6.900000095367432,6.900000095367432,6.900000095367432,4000,0.0,0.0,0.0
2024-03-21 09:35:00+08:00,6.909999847412109,6.909999847412109,6.909999847412109,6.909999847412109,10000,0.0,0.0,0.0
2024-03-21 09:45:00+08:00,6.900000095367432,6.900000095367432,6.900000095367432,6.900000095367432,90000,0.0,0.0,0.0
2024-03-21 10:05:00+08:00,6.900000095367432,6.900000095367432,6.900000095367432,6.900000095367432,1000,0.0,0.0,0.0
2024-03-21 10:10:00+08:00,6.900000095367432,6.900000095367432,6.900000095367432,6.900000095367432,2000,0.0,0.0,0.0
2024-03-21 10:25:00+08:00,6.900000095367432,6.900000095367432,6.900000095367432,6.900000095367432,1000,0.0,0.0,0.0
2024-03-21 11:15:00+08:00,6.900000095367432,6.900000095367432,6.900000095367432,6.900000095367432,4000,0.0,0.0,0.0
2024-03-21 12:00:00+08:00,6.909999847412109,6.909999847412109,6.909999847412109,6.909999847412109,1000,0.0,0.0,0.0
2024-03-21 12:05:00+08:00,6.900000095367432,6.900000095367432,6.900000095367432,6.900000095367432,1000,0.0,0.0,0.0
2024-03-21 12:15:00+08:00,6.900000095367432,6.900000095367432,6.900000095367432,6.900000095367432,50000,0.0,0.0,0.0
2024-03-21 12:20:00+08:00,6.900000095367432,6.900000095367432,6.900000095367432,6.900000095367432,4000,0.0,0.0,0.0
2024-03-21 12:25:00+08:00,6.900000095367432,6.900000095367432,6.889999866485596,6.889999866485596,6000,0.0,0.0,0.0
2024-03-21 12:35:00+08:00,6.889999866485596,6.889999866485596,6.889999866485596,6.889999866485596,3000,0.0,0.0,0.0
2024-03-21 13:00:00+08:00,6.880000114440918,6.880000114440918,6.880000114440918,6.880000114440918,4000,0.0,0.0,0.0
2024-03-21 13:10:00+08:00,6.880000114440918,6.880000114440918,6.880000114440918,6.880000114440918,2000,0.0,0.0,0.0
2024-03-21 13:15:00+08:00,6.880000114440918,6.880000114440918,6.880000114440918,6.880000114440918,4000,0.0,0.0,0.0
2024-03-21 13:20:00+08:00,6.880000114440918,6.880000114440918,6.869999885559082,6.880000114440918,67000,0.0,0.0,0.0
2024-03-22 09:05:00+08:00,6.889999866485596,6.889999866485596,6.889999866485596,6.889999866485596,0,0.0,0.0,0.0
2024-03-22 09:30:00+08:00,6.889999866485596,6.889999866485596,6.889999866485596,6.889999866485596,3235,0.0,0.0,0.0
2024-03-22 10:00:00+08:00,6.900000095367432,6.900000095367432,6.900000095367432,6.900000095367432,5000,0.0,0.0,0.0
2024-03-22 10:35:00+08:00,6.900000095367432,6.900000095367432,6.900000095367432,6.900000095367432,2000,0.0,0.0,0.0
2024-03-22 11:30:00+08:00,6.909999847412109,6.909999847412109,6.909999847412109,6.909999847412109,101000,0.0,0.0,0.0
2024-03-22 11:45:00+08:00,6.909999847412109,6.909999847412109,6.909999847412109,6.909999847412109,3000,0.0,0.0,0.0
2024-03-22 11:55:00+08:00,6.920000076293945,6.920000076293945,6.920000076293945,6.920000076293945,3000,0.0,0.0,0.0
2024-03-22 12:15:00+08:00,6.940000057220459,6.940000057220459,6.940000057220459,6.940000057220459,18000,0.0,0.0,0.0
2024-03-22 12:25:00+08:00,6.929999828338623,6.929999828338623,6.920000076293945,6.920000076293945,8000,0.0,0.0,0.0
2024-03-22 12:50:00+08:00,6.900000095367432,6.900000095367432,6.900000095367432,6.900000095367432,3000,0.0,0.0,0.0
2024-03-22 12:55:00+08:00,6.889999866485596,6.889999866485596,6.889999866485596,6.889999866485596,6000,0.0,0.0,0.0
2024-03-22 13:20:00+08:00,6.880000114440918,6.880000114440918,6.880000114440918,6.880000114440918,60000,0.0,0.0,0.0
2024-03-25 09:00:00+08:00,6.909999847412109,6.909999847412109,6.909999847412109,6.909999847412109,0,0.0,0.0,0.0
2024-03-25 09:15:00+08:00,6.889999866485596,6.889999866485596,6.889999866485596,6.889999866485596,10000,0.0,0.0,0.0
2024-03-25 10:05:00+08:00,6.900000095367432,6.900000095367432,6.900000095367432,6.900000095367432,20000,0.0,0.0,0.0
2024-03-25 11:40:00+08:00,6.909999847412109,6.909999847412109,6.909999847412109,6.909999847412109,2000,0.0,0.0,0.0
2024-03-25 12:40:00+08:00,6.900000095367432,6.900000095367432,6.900000095367432,6.900000095367432,1000,0.0,0.0,0.0
2024-03-25 13:05:00+08:00,6.900000095367432,6.900000095367432,6.900000095367432,6.900000095367432,0,0.0,0.0,0.0
2024-03-26 09:10:00+08:00,6.889999866485596,6.909999847412109,6.889999866485596,6.909999847412109,2000,0.0,0.0,0.0
2024-03-26 09:15:00+08:00,6.880000114440918,6.880000114440918,6.880000114440918,6.880000114440918,1000,0.0,0.0,0.0
2024-03-26 09:20:00+08:00,6.880000114440918,6.880000114440918,6.880000114440918,6.880000114440918,18000,0.0,0.0,0.0
2024-03-26 11:30:00+08:00,6.889999866485596,6.900000095367432,6.889999866485596,6.900000095367432,6000,0.0,0.0,0.0
2024-03-27 10:15:00+08:00,6.900000095367432,6.900000095367432,6.900000095367432,6.900000095367432,0,0.0,0.0,0.0
2024-03-27 10:20:00+08:00,6.909999847412109,6.909999847412109,6.909999847412109,6.909999847412109,1000,0.0,0.0,0.0
2024-03-27 10:40:00+08:00,6.920000076293945,6.920000076293945,6.920000076293945,6.920000076293945,1000,0.0,0.0,0.0
2024-03-27 11:30:00+08:00,6.909999847412109,6.909999847412109,6.909999847412109,6.909999847412109,5000,0.0,0.0,0.0
2024-03-27 12:00:00+08:00,6.889999866485596,6.889999866485596,6.889999866485596,6.889999866485596,10000,0.0,0.0,0.0
2024-03-27 12:25:00+08:00,6.889999866485596,6.889999866485596,6.889999866485596,6.889999866485596,1000,0.0,0.0,0.0
2024-03-27 12:30:00+08:00,6.880000114440918,6.880000114440918,6.880000114440918,6.880000114440918,10203,0.0,0.0,0.0
2024-03-27 12:55:00+08:00,6.869999885559082,6.869999885559082,6.869999885559082,6.869999885559082,1000,0.0,0.0,0.0
2024-03-27 13:00:00+08:00,6.869999885559082,6.869999885559082,6.860000133514404,6.860000133514404,34000,0.0,0.0,0.0
2024-03-27 13:05:00+08:00,6.860000133514404,6.860000133514404,6.860000133514404,6.860000133514404,3000,0.0,0.0,0.0
2024-03-28 09:10:00+08:00,6.869999885559082,6.869999885559082,6.869999885559082,6.869999885559082,0,0.0,0.0,0.0
2024-03-28 09:15:00+08:00,6.869999885559082,6.869999885559082,6.869999885559082,6.869999885559082,8000,0.0,0.0,0.0
2024-03-28 09:25:00+08:00,6.880000114440918,6.880000114440918,6.880000114440918,6.880000114440918,3000,0.0,0.0,0.0
2024-03-28 09:35:00+08:00,6.880000114440918,6.880000114440918,6.880000114440918,6.880000114440918,2000,0.0,0.0,0.0
2024-03-28 09:45:00+08:00,6.889999866485596,6.889999866485596,6.880000114440918,6.880000114440918,15000,0.0,0.0,0.0
2024-03-28 09:50:00+08:00,6.880000114440918,6.880000114440918,6.869999885559082,6.869999885559082,5000,0.0,0.0,0.0
2024-03-28 12:10:00+08:00,6.869999885559082,6.869999885559082,6.869999885559082,6.869999885559082,1000,0.0,0.0,0.0
2024-03-28 12:15:00+08:00,6.849999904632568,6.849999904632568,6.849999904632568,6.849999904632568,3000,0.0,0.0,0.0
2024-03-28 12:20:00+08:00,6.840000152587891,6.840000152587891,6.840000152587891,6.840000152587891,2000,0.0,0.0,0.0
2024-03-28 12:25:00+08:00,6.840000152587891,6.840000152587891,6.840000152587891,6.840000152587891,1000,0.0,0.0,0.0
2024-03-28 12:40:00+08:00,6.840000152587891,6.840000152587891,6.840000152587891,6.840000152587891,6000,0.0,0.0,0.0
2024-03-28 12:45:00+08:00,6.840000152587891,6.840000152587891,6.829999923706055,6.829999923706055,15000,0.0,0.0,0.0
2024-03-28 12:50:00+08:00,6.829999923706055,6.829999923706055,6.829999923706055,6.829999923706055,6000,0.0,0.0,0.0
2024-03-28 13:05:00+08:00,6.840000152587891,6.840000152587891,6.840000152587891,6.840000152587891,0,0.0,0.0,0.0
2024-03-29 09:05:00+08:00,6.789999961853027,6.789999961853027,6.789999961853027,6.789999961853027,4000,0.0,0.0,0.0
2024-03-29 09:15:00+08:00,6.800000190734863,6.800000190734863,6.800000190734863,6.800000190734863,2000,0.0,0.0,0.0
2024-03-29 10:00:00+08:00,6.809999942779541,6.809999942779541,6.809999942779541,6.809999942779541,25000,0.0,0.0,0.0
2024-03-29 11:55:00+08:00,6.809999942779541,6.809999942779541,6.809999942779541,6.809999942779541,3000,0.0,0.0,0.0
2024-03-29 12:15:00+08:00,6.809999942779541,6.809999942779541,6.809999942779541,6.809999942779541,2000,0.0,0.0,0.0
2024-03-29 12:25:00+08:00,6.809999942779541,6.809999942779541,6.809999942779541,6.809999942779541,2000,0.0,0.0,0.0
2024-03-29 12:55:00+08:00,6.809999942779541,6.820000171661377,6.809999942779541,6.820000171661377,5000,0.0,0.0,0.0
2024-03-29 13:00:00+08:00,6.829999923706055,6.829999923706055,6.829999923706055,6.829999923706055,6000,0.0,0.0,0.0
2024-04-01 09:00:00+08:00,6.800000190734863,6.800000190734863,6.800000190734863,6.800000190734863,0,0.0,0.0,0.0
2024-04-01 09:05:00+08:00,6.809999942779541,6.809999942779541,6.809999942779541,6.809999942779541,26000,0.0,0.0,0.0
2024-04-01 09:20:00+08:00,6.809999942779541,6.809999942779541,6.809999942779541,6.809999942779541,5000,0.0,0.0,0.0
2024-04-01 09:40:00+08:00,6.809999942779541,6.809999942779541,6.809999942779541,6.809999942779541,3000,0.0,0.0,0.0
2024-04-01 09:45:00+08:00,6.809999942779541,6.820000171661377,6.809999942779541,6.820000171661377,36100,0.0,0.0,0.0
2024-04-01 09:55:00+08:00,6.820000171661377,6.820000171661377,6.820000171661377,6.820000171661377,40000,0.0,0.0,0.0
2024-04-01 10:05:00+08:00,6.820000171661377,6.820000171661377,6.820000171661377,6.820000171661377,17000,0.0,0.0,0.0
2024-04-01 10:15:00+08:00,6.820000171661377,6.820000171661377,6.820000171661377,6.820000171661377,6000,0.0,0.0,0.0
2024-04-01 10:45:00+08:00,6.820000171661377,6.820000171661377,6.820000171661377,6.820000171661377,10000,0.0,0.0,0.0
2024-04-01 11:05:00+08:00,6.820000171661377,6.820000171661377,6.820000171661377,6.820000171661377,1000,0.0,0.0,0.0
2024-04-01 12:10:00+08:00,6.809999942779541,6.809999942779541,6.809999942779541,6.809999942779541,14000,0.0,0.0,0.0
2024-04-01 12:20:00+08:00,6.789999961853027,6.789999961853027,6.789999961853027,6.789999961853027,9000,0.0,0.0,0.0
2024-04-01 12:45:00+08:00,6.789999961853027,6.789999961853027,6.789999961853027,6.789999961853027,1000,0.0,0.0,0.0
2024-04-01 13:15:00+08:00,6.789999961853027,6.789999961853027,6.789999961853027,6.789999961853027,12000,0.0,0.0,0.0
2024-04-01 13:20:00+08:00,6.789999961853027,6.789999961853027,6.789999961853027,6.789999961853027,80000,0.0,0.0,0.0
2024-04-02 09:00:00+08:00,6.789999961853027,6.809999942779541,6.789999961853027,6.809999942779541,0,0.0,0.0,0.0
2024-04-02 09:05:00+08:00,6.809999942779541,6.809999942779541,6.809999942779541,6.809999942779541,7000,0.0,0.0,0.0
2024-04-02 09:10:00+08:00,6.809999942779541,6.809999942779541,6.809999942779541,6.809999942779541,0,0.0,0.0,0.0
2024-04-02 09:15:00+08:00,6.809999942779541,6.820000171661377,6.809999942779541,6.820000171661377,0,0.0,0.0,0.0
2024-04-02 09:25:00+08:00,6.820000171661377,6.820000171661377,6.820000171661377,6.820000171661377,205000,0.0,0.0,0.0
2024-04-02 10:15:00+08:00,6.809999942779541,6.809999942779541,6.809999942779541,6.809999942779541,30000,0.0,0.0,0.0
2024-04-02 11:25:00+08:00,6.800000190734863,6.800000190734863,6.800000190734863,6.800000190734863,59000,0.0,0.0,0.0
2024-04-02 12:15:00+08:00,6.800000190734863,6.800000190734863,6.800000190734863,6.800000190734863,9000,0.0,0.0,0.0
2024-04-02 12:35:00+08:00,6.809999942779541,6.809999942779541,6.809999942779541,6.809999942779541,22000,0.0,0.0,0.0
2024-04-02 13:05:00+08:00,6.809999942779541,6.809999942779541,6.809999942779541,6.809999942779541,1000,0.0,0.0,0.0
2024-04-02 13:20:00+08:00,6.809999942779541,6.809999942779541,6.809999942779541,6.809999942779541,9000,0.0,0.0,0.0
2024-04-03 09:20:00+08:00,6.840000152587891,6.840000152587891,6.840000152587891,6.840000152587891,0,0.0,0.0,0.0
2024-04-03 10:25:00+08:00,6.849999904632568,6.849999904632568,6.849999904632568,6.849999904632568,80000,0.0,0.0,0.0
2024-04-03 11:00:00+08:00,6.849999904632568,6.849999904632568,6.849999904632568,6.849999904632568,14000,0.0,0.0,0.0
2024-04-03 12:30:00+08:00,6.840000152587891,6.840000152587891,6.840000152587891,6.840000152587891,51000,0.0,0.0,0.0
2024-04-08 09:00:00+08:00,7.0,7.0,6.800000190734863,6.800000190734863,0,0.0,0.0,0.0
2024-04-08 10:00:00+08:00,6.789999961853027,6.789999961853027,6.789999961853027,6.789999961853027,2000,0.0,0.0,0.0
2024-04-08 10:15:00+08:00,6.78000020980835,6.78000020980835,6.78000020980835,6.78000020980835,108000,0.0,0.0,0.0
2024-04-08 11:10:00+08:00,6.78000020980835,6.78000020980835,6.78000020980835,6.78000020980835,55000,0.0,0.0,0.0
2024-04-08 12:05:00+08:00,6.789999961853027,6.789999961853027,6.78000020980835,6.78000020980835,5000,0.0,0.0,0.0
2024-04-08 12:10:00+08:00,6.769999980926514,6.769999980926514,6.769999980926514,6.769999980926514,1295,0.0,0.0,0.0
2024-04-08 13:10:00+08:00,6.78000020980835,6.78000020980835,6.78000020980835,6.78000020980835,2000,0.0,0.0,0.0
2024-04-09 09:00:00+08:00,6.760000228881836,6.760000228881836,6.760000228881836,6.760000228881836,0,0.0,0.0,0.0
2024-04-09 09:25:00+08:00,6.739999771118164,6.739999771118164,6.739999771118164,6.739999771118164,1000,0.0,0.0,0.0
2024-04-09 10:00:00+08:00,6.730000019073486,6.730000019073486,6.730000019073486,6.730000019073486,2000,0.0,0.0,0.0
2024-04-09 10:10:00+08:00,6.739999771118164,6.739999771118164,6.739999771118164,6.739999771118164,1000,0.0,0.0,0.0
2024-04-09 11:15:00+08:00,6.730000019073486,6.730000019073486,6.730000019073486,6.730000019073486,2000,0.0,0.0,0.0
2024-04-09 12:10:00+08:00,6.739999771118164,6.739999771118164,6.739999771118164,6.739999771118164,10000,0.0,0.0,0.0
2024-04-09 12:30:00+08:00,6.739999771118164,6.739999771118164,6.739999771118164,6.739999771118164,2000,0.0,0.0,0.0
2024-04-09 12:55:00+08:00,6.730000019073486,6.730000019073486,6.730000019073486,6.730000019073486,0,0.0,0.0,0.0
2024-04-10 09:05:00+08:00,6.739999771118164,6.739999771118164,6.739999771118164,6.739999771118164,2000,0.0,0.0,0.0
2024-04-10 09:10:00+08:00,6.739999771118164,6.739999771118164,6.739999771118164,6.739999771118164,1000,0.0,0.0,0.0
2024-04-10 09:20:00+08:00,6.739999771118164,6.739999771118164,6.730000019073486,6.730000019073486,36000,0.0,0.0,0.0
2024-04-10 09:50:00+08:00,6.739999771118164,6.739999771118164,6.739999771118164,6.739999771118164,2000,0.0,0.0,0.0
2024-04-10 11:45:00+08:00,6.739999771118164,6.739999771118164,6.739999771118164,6.739999771118164,12000,0.0,0.0,0.0
2024-04-10 12:50:00+08:00,6.739999771118164,6.739999771118164,6.739999771118164,6.739999771118164,4000,0.0,0.0,0.0
2024-04-10 13:10:00+08:00,6.739999771118164,6.739999771118164,6.739999771118164,6.739999771118164,0,0.0,0.0,0.0
2024-04-11 09:20:00+08:00,6.78000020980835,6.78000020980835,6.78000020980835,6.78000020980835,9000,0.0,0.0,0.0
2024-04-11 10:00:00+08:00,6.78000020980835,6.78000020980835,6.78000020980835,6.78000020980835,5000,0.0,0.0,0.0
2024-04-11 10:45:00+08:00,6.78000020980835,6.78000020980835,6.78000020980835,6.78000020980835,1000,0.0,0.0,0.0
2024-04-11 11:15:00+08:00,6.78000020980835,6.78000020980835,6.78000020980835,6.78000020980835,1000,0.0,0.0,0.0
2024-04-11 12:45:00+08:00,6.789999961853027,6.789999961853027,6.789999961853027,6.789999961853027,6000,0.0,0.0,0.0
2024-04-11 13:05:00+08:00,6.789999961853027,6.789999961853027,6.789999961853027,6.789999961853027,6000,0.0,0.0,0.0
2024-04-12 10:50:00+08:00,6.769999980926514,6.769999980926514,6.769999980926514,6.769999980926514,100000,0.0,0.0,0.0
2024-04-12 10:55:00+08:00,6.769999980926514,6.769999980926514,6.769999980926514,6.769999980926514,10000,0.0,0.0,0.0
2024-04-12 12:05:00+08:00,6.760000228881836,6.760000228881836,6.760000228881836,6.760000228881836,3000,0.0,0.0,0.0
2024-04-12 13:10:00+08:00,6.760000228881836,6.760000228881836,6.760000228881836,6.760000228881836,14000,0.0,0.0,0.0
2024-04-12 13:15:00+08:00,6.78000020980835,6.78000020980835,6.78000020980835,6.78000020980835,35000,0.0,0.0,0.0
2024-04-12 13:20:00+08:00,6.78000020980835,6.78000020980835,6.78000020980835,6.78000020980835,16000,0.0,0.0,0.0
2024-04-15 09:00:00+08:00,6.829999923706055,6.840000152587891,6.829999923706055,6.840000152587891,0,0.0,0.0,0.0
2024-04-15 09:40:00+08:00,6.849999904632568,6.849999904632568,6.849999904632568,6.849999904632568,2000,0.0,0.0,0.0
2024-04-15 09:55:00+08:00,6.849999904632568,6.849999904632568,6.849999904632568,6.849999904632568,7000,0.0,0.0,0.0
2024-04-15 10:05:00+08:00,6.849999904632568,6.849999904632568,6.849999904632568,6.849999904632568,2000,0.0,0.0,0.0
2024-04-15 10:25:00+08:00,6.849999904632568,6.849999904632568,6.849999904632568,6.849999904632568,7000,0.0,0.0,0.0
2024-04-15 10:35:00+08:00,6.849999904632568,6.860000133514404,6.849999904632568,6.860000133514404,40000,0.0,0.0,0.0
2024-04-15 10:50:00+08:00,6.860000133514404,6.860000133514404,6.860000133514404,6.860000133514404,2000,0.0,0.0,0.0
2024-04-15 11:00:00+08:00,6.860000133514404,6.860000133514404,6.860000133514404,6.860000133514404,1000,0.0,0.0,0.0
2024-04-15 11:25:00+08:00,6.860000133514404,6.860000133514404,6.860000133514404,6.860000133514404,1000,0.0,0.0,0.0
2024-04-15 11:30:00+08:00,6.860000133514404,6.860000133514404,6.860000133514404,6.860000133514404,1000,0.0,0.0,0.0
2024-04-15 12:05:00+08:00,6.880000114440918,6.880000114440918,6.880000114440918,6.880000114440918,7000,0.0,0.0,0.0
2024-04-15 12:15:00+08:00,6.889999866485596,6.889999866485596,6.880000114440918,6.880000114440918,10000,0.0,0.0,0.0
2024-04-15 12:20:00+08:00,6.880000114440918,6.880000114440918,6.880000114440918,6.880000114440918,2000,0.0,0.0,0.0
2024-04-15 12:25:00+08:00,6.869999885559082,6.869999885559082,6.869999885559082,6.869999885559082,20000,0.0,0.0,0.0
2024-04-15 12:55:00+08:00,6.869999885559082,6.869999885559082,6.869999885559082,6.869999885559082,2000,0.0,0.0,0.0
2024-04-15 13:00:00+08:00,6.869999885559082,6.869999885559082,6.869999885559082,6.869999885559082,3000,0.0,0.0,0.0
2024-04-15 13:20:00+08:00,6.860000133514404,6.860000133514404,6.860000133514404,6.860000133514404,73000,0.0,0.0,0.0
2024-04-15 09:00:00+08:00,6.829999923706055,6.840000152587891,6.829999923706055,6.840000152587891,0,0.0,0.0,0.0
2024-04-15 09:40:00+08:00,6.849999904632568,6.849999904632568,6.849999904632568,6.849999904632568,2000,0.0,0.0,0.0
2024-04-15 09:55:00+08:00,6.849999904632568,6.849999904632568,6.849999904632568,6.849999904632568,7000,0.0,0.0,0.0
2024-04-15 10:05:00+08:00,6.849999904632568,6.849999904632568,6.849999904632568,6.849999904632568,2000,0.0,0.0,0.0
2024-04-15 10:25:00+08:00,6.849999904632568,6.849999904632568,6.849999904632568,6.849999904632568,7000,0.0,0.0,0.0
2024-04-15 10:35:00+08:00,6.849999904632568,6.860000133514404,6.849999904632568,6.860000133514404,40000,0.0,0.0,0.0
2024-04-15 10:50:00+08:00,6.860000133514404,6.860000133514404,6.860000133514404,6.860000133514404,2000,0.0,0.0,0.0
2024-04-15 11:00:00+08:00,6.860000133514404,6.860000133514404,6.860000133514404,6.860000133514404,1000,0.0,0.0,0.0
2024-04-15 11:25:00+08:00,6.860000133514404,6.860000133514404,6.860000133514404,6.860000133514404,1000,0.0,0.0,0.0
2024-04-15 11:30:00+08:00,6.860000133514404,6.860000133514404,6.860000133514404,6.860000133514404,1000,0.0,0.0,0.0
2024-04-15 12:05:00+08:00,6.880000114440918,6.880000114440918,6.880000114440918,6.880000114440918,7000,0.0,0.0,0.0
2024-04-15 12:15:00+08:00,6.889999866485596,6.889999866485596,6.880000114440918,6.880000114440918,10000,0.0,0.0,0.0
2024-04-15 12:20:00+08:00,6.880000114440918,6.880000114440918,6.880000114440918,6.880000114440918,2000,0.0,0.0,0.0
2024-04-15 12:25:00+08:00,6.869999885559082,6.869999885559082,6.869999885559082,6.869999885559082,20000,0.0,0.0,0.0
2024-04-15 12:55:00+08:00,6.869999885559082,6.869999885559082,6.869999885559082,6.869999885559082,2000,0.0,0.0,0.0
2024-04-15 13:00:00+08:00,6.869999885559082,6.869999885559082,6.869999885559082,6.869999885559082,3000,0.0,0.0,0.0
2024-04-15 13:20:00+08:00,6.860000133514404,6.860000133514404,6.860000133514404,6.860000133514404,73000,0.0,0.0,0.0
2024-04-15 09:00:00+08:00,6.829999923706055,6.840000152587891,6.829999923706055,6.840000152587891,0,0.0,0.0,0.0
2024-04-15 09:40:00+08:00,6.849999904632568,6.849999904632568,6.849999904632568,6.849999904632568,2000,0.0,0.0,0.0
2024-04-15 09:55:00+08:00,6.849999904632568,6.849999904632568,6.849999904632568,6.849999904632568,7000,0.0,0.0,0.0
2024-04-15 10:05:00+08:00,6.849999904632568,6.849999904632568,6.849999904632568,6.849999904632568,2000,0.0,0.0,0.0
2024-04-15 10:25:00+08:00,6.849999904632568,6.849999904632568,6.849999904632568,6.849999904632568,7000,0.0,0.0,0.0
2024-04-15 10:35:00+08:00,6.849999904632568,6.860000133514404,6.849999904632568,6.860000133514404,40000,0.0,0.0,0.0
2024-04-15 10:50:00+08:00,6.860000133514404,6.860000133514404,6.860000133514404,6.860000133514404,2000,0.0,0.0,0.0
2024-04-15 11:00:00+08:00,6.860000133514404,6.860000133514404,6.860000133514404,6.860000133514404,1000,0.0,0.0,0.0
2024-04-15 11:25:00+08:00,6.860000133514404,6.860000133514404,6.860000133514404,6.860000133514404,1000,0.0,0.0,0.0
2024-04-15 11:30:00+08:00,6.860000133514404,6.860000133514404,6.860000133514404,6.860000133514404,1000,0.0,0.0,0.0
2024-04-15 12:05:00+08:00,6.880000114440918,6.880000114440918,6.880000114440918,6.880000114440918,7000,0.0,0.0,0.0
2024-04-15 12:15:00+08:00,6.889999866485596,6.889999866485596,6.880000114440918,6.880000114440918,10000,0.0,0.0,0.0
2024-04-15 12:20:00+08:00,6.880000114440918,6.880000114440918,6.880000114440918,6.880000114440918,2000,0.0,0.0,0.0
2024-04-15 12:25:00+08:00,6.869999885559082,6.869999885559082,6.869999885559082,6.869999885559082,20000,0.0,0.0,0.0
2024-04-15 12:55:00+08:00,6.869999885559082,6.869999885559082,6.869999885559082,6.869999885559082,2000,0.0,0.0,0.0
2024-04-15 13:00:00+08:00,6.869999885559082,6.869999885559082,6.869999885559082,6.869999885559082,3000,0.0,0.0,0.0
2024-04-15 13:20:00+08:00,6.860000133514404,6.860000133514404,6.860000133514404,6.860000133514404,73000,0.0,0.0,0.0
2024-04-16 09:00:00+08:00,6.880000114440918,6.920000076293945,6.880000114440918,6.909999847412109,73000,0.0,0.0,0.0
2024-04-16 09:05:00+08:00,6.920000076293945,6.920000076293945,6.909999847412109,6.909999847412109,46000,0.0,0.0,0.0
2024-04-16 09:10:00+08:00,6.909999847412109,6.940000057220459,6.909999847412109,6.929999828338623,107000,0.0,0.0,0.0
2024-04-16 09:15:00+08:00,6.929999828338623,6.940000057220459,6.929999828338623,6.940000057220459,40000,0.0,0.0,0.0
2024-04-16 09:25:00+08:00,6.940000057220459,6.940000057220459,6.940000057220459,6.940000057220459,31000,0.0,0.0,0.0
2024-04-16 09:30:00+08:00,6.940000057220459,6.940000057220459,6.940000057220459,6.940000057220459,5000,0.0,0.0,0.0
2024-04-16 09:40:00+08:00,6.940000057220459,6.940000057220459,6.940000057220459,6.940000057220459,5010,0.0,0.0,0.0
2024-04-16 09:55:00+08:00,6.949999809265137,6.949999809265137,6.949999809265137,6.949999809265137,14000,0.0,0.0,0.0
2024-04-16 10:00:00+08:00,6.949999809265137,6.949999809265137,6.949999809265137,6.949999809265137,19407,0.0,0.0,0.0
2024-04-16 10:10:00+08:00,6.960000038146973,6.960000038146973,6.960000038146973,6.960000038146973,15000,0.0,0.0,0.0
2024-04-16 10:45:00+08:00,6.960000038146973,6.960000038146973,6.960000038146973,6.960000038146973,1000,0.0,0.0,0.0
2024-04-16 10:50:00+08:00,6.96999979019165,6.96999979019165,6.96999979019165,6.96999979019165,10000,0.0,0.0,0.0
2024-04-16 10:55:00+08:00,6.96999979019165,6.96999979019165,6.96999979019165,6.96999979019165,1000,0.0,0.0,0.0
2024-04-16 11:00:00+08:00,6.960000038146973,6.96999979019165,6.960000038146973,6.96999979019165,19000,0.0,0.0,0.0
2024-04-16 11:10:00+08:00,6.980000019073486,6.980000019073486,6.980000019073486,6.980000019073486,6000,0.0,0.0,0.0
2024-04-16 11:20:00+08:00,6.980000019073486,6.980000019073486,6.980000019073486,6.980000019073486,10000,0.0,0.0,0.0
2024-04-16 11:30:00+08:00,6.96999979019165,6.96999979019165,6.96999979019165,6.96999979019165,0,0.0,0.0,0.0
2024-04-16 11:45:00+08:00,6.960000038146973,6.960000038146973,6.949999809265137,6.949999809265137,539417,0.0,0.0,0.0
2024-04-16 11:50:00+08:00,6.949999809265137,6.949999809265137,6.949999809265137,6.949999809265137,9000,0.0,0.0,0.0
2024-04-16 12:20:00+08:00,6.949999809265137,6.949999809265137,6.949999809265137,6.949999809265137,2000,0.0,0.0,0.0
2024-04-16 12:25:00+08:00,6.940000057220459,6.949999809265137,6.940000057220459,6.949999809265137,4000,0.0,0.0,0.0
2024-04-16 12:30:00+08:00,6.949999809265137,6.949999809265137,6.949999809265137,6.949999809265137,7000,0.0,0.0,0.0
2024-04-16 12:40:00+08:00,6.949999809265137,6.949999809265137,6.949999809265137,6.949999809265137,1000,0.0,0.0,0.0
2024-04-16 12:50:00+08:00,6.949999809265137,6.949999809265137,6.949999809265137,6.949999809265137,1000,0.0,0.0,0.0
2024-04-16 13:00:00+08:00,6.949999809265137,6.949999809265137,6.949999809265137,6.949999809265137,7000,0.0,0.0,0.0
2024-04-16 13:05:00+08:00,6.949999809265137,6.949999809265137,6.949999809265137,6.949999809265137,3000,0.0,0.0,0.0
2024-04-16 13:10:00+08:00,6.949999809265137,6.949999809265137,6.949999809265137,6.949999809265137,2000,0.0,0.0,0.0
2024-04-16 13:15:00+08:00,6.949999809265137,6.960000038146973,6.949999809265137,6.960000038146973,4000,0.0,0.0,0.0
2024-04-16 13:20:00+08:00,6.960000038146973,6.960000038146973,6.949999809265137,6.949999809265137,28000,0.0,0.0,0.0
2024-04-16 09:00:00+08:00,6.880000114440918,6.920000076293945,6.880000114440918,6.909999847412109,0,0.0,0.0,0.0
2024-04-16 09:05:00+08:00,6.920000076293945,6.920000076293945,6.909999847412109,6.909999847412109,46000,0.0,0.0,0.0
2024-04-16 09:10:00+08:00,6.909999847412109,6.940000057220459,6.909999847412109,6.929999828338623,107000,0.0,0.0,0.0
2024-04-16 09:15:00+08:00,6.929999828338623,6.940000057220459,6.929999828338623,6.940000057220459,40000,0.0,0.0,0.0
2024-04-16 09:25:00+08:00,6.940000057220459,6.940000057220459,6.940000057220459,6.940000057220459,31000,0.0,0.0,0.0
2024-04-16 09:30:00+08:00,6.940000057220459,6.940000057220459,6.940000057220459,6.940000057220459,5000,0.0,0.0,0.0
2024-04-16 09:40:00+08:00,6.940000057220459,6.940000057220459,6.940000057220459,6.940000057220459,5010,0.0,0.0,0.0
2024-04-16 09:55:00+08:00,6.949999809265137,6.949999809265137,6.949999809265137,6.949999809265137,14000,0.0,0.0,0.0
2024-04-16 10:00:00+08:00,6.949999809265137,6.949999809265137,6.949999809265137,6.949999809265137,19407,0.0,0.0,0.0
2024-04-16 10:10:00+08:00,6.960000038146973,6.960000038146973,6.960000038146973,6.960000038146973,15000,0.0,0.0,0.0
2024-04-16 10:45:00+08:00,6.960000038146973,6.960000038146973,6.960000038146973,6.960000038146973,1000,0.0,0.0,0.0
2024-04-16 10:50:00+08:00,6.96999979019165,6.96999979019165,6.96999979019165,6.96999979019165,10000,0.0,0.0,0.0
2024-04-16 10:55:00+08:00,6.96999979019165,6.96999979019165,6.96999979019165,6.96999979019165,1000,0.0,0.0,0.0
2024-04-16 11:00:00+08:00,6.960000038146973,6.96999979019165,6.960000038146973,6.96999979019165,19000,0.0,0.0,0.0
2024-04-16 11:10:00+08:00,6.980000019073486,6.980000019073486,6.980000019073486,6.980000019073486,6000,0.0,0.0,0.0
2024-04-16 11:20:00+08:00,6.980000019073486,6.980000019073486,6.980000019073486,6.980000019073486,10000,0.0,0.0,0.0
2024-04-16 11:30:00+08:00,6.96999979019165,6.96999979019165,6.96999979019165,6.96999979019165,0,0.0,0.0,0.0
2024-04-16 11:45:00+08:00,6.960000038146973,6.960000038146973,6.949999809265137,6.949999809265137,539417,0.0,0.0,0.0
2024-04-16 11:50:00+08:00,6.949999809265137,6.949999809265137,6.949999809265137,6.949999809265137,9000,0.0,0.0,0.0
2024-04-16 12:20:00+08:00,6.949999809265137,6.949999809265137,6.949999809265137,6.949999809265137,2000,0.0,0.0,0.0
2024-04-16 12:25:00+08:00,6.940000057220459,6.949999809265137,6.940000057220459,6.949999809265137,4000,0.0,0.0,0.0
2024-04-16 12:30:00+08:00,6.949999809265137,6.949999809265137,6.949999809265137,6.949999809265137,7000,0.0,0.0,0.0
2024-04-16 12:40:00+08:00,6.949999809265137,6.949999809265137,6.949999809265137,6.949999809265137,1000,0.0,0.0,0.0
2024-04-16 12:50:00+08:00,6.949999809265137,6.949999809265137,6.949999809265137,6.949999809265137,1000,0.0,0.0,0.0
2024-04-16 13:00:00+08:00,6.949999809265137,6.949999809265137,6.949999809265137,6.949999809265137,7000,0.0,0.0,0.0
2024-04-16 13:05:00+08:00,6.949999809265137,6.949999809265137,6.949999809265137,6.949999809265137,3000,0.0,0.0,0.0
2024-04-16 13:10:00+08:00,6.949999809265137,6.949999809265137,6.949999809265137,6.949999809265137,2000,0.0,0.0,0.0
2024-04-16 13:15:00+08:00,6.949999809265137,6.960000038146973,6.949999809265137,6.960000038146973,4000,0.0,0.0,0.0
2024-04-16 13:20:00+08:00,6.960000038146973,6.960000038146973,6.949999809265137,6.949999809265137,28000,0.0,0.0,0.0
2024-04-17 09:05:00+08:00,6.949999809265137,6.949999809265137,6.940000057220459,6.940000057220459,0,0.0,0.0,0.0
2024-04-17 09:15:00+08:00,6.940000057220459,6.949999809265137,6.940000057220459,6.949999809265137,79000,0.0,0.0,0.0
2024-04-17 09:30:00+08:00,6.960000038146973,6.960000038146973,6.960000038146973,6.960000038146973,10000,0.0,0.0,0.0
2024-04-17 10:00:00+08:00,6.940000057220459,6.940000057220459,6.940000057220459,6.940000057220459,7000,0.0,0.0,0.0
2024-04-17 10:35:00+08:00,6.940000057220459,6.940000057220459,6.940000057220459,6.940000057220459,4000,0.0,0.0,0.0
2024-04-17 10:50:00+08:00,6.940000057220459,6.940000057220459,6.940000057220459,6.940000057220459,9000,0.0,0.0,0.0
2024-04-17 11:00:00+08:00,6.940000057220459,6.940000057220459,6.940000057220459,6.940000057220459,3000,0.0,0.0,0.0
2024-04-17 11:10:00+08:00,6.940000057220459,6.940000057220459,6.940000057220459,6.940000057220459,3000,0.0,0.0,0.0
2024-04-17 12:15:00+08:00,6.940000057220459,6.940000057220459,6.940000057220459,6.940000057220459,100000,0.0,0.0,0.0
2024-04-17 12:25:00+08:00,6.940000057220459,6.940000057220459,6.940000057220459,6.940000057220459,13000,0.0,0.0,0.0
2024-04-17 12:30:00+08:00,6.929999828338623,6.929999828338623,6.929999828338623,6.929999828338623,10000,0.0,0.0,0.0
2024-04-18 01:20:00+00:00,6.960000038146973,6.960000038146973,6.960000038146973,6.960000038146973,0,0.0,0.0,0.0
2024-04-18 02:10:00+00:00,6.949999809265137,6.949999809265137,6.949999809265137,6.949999809265137,20000,0.0,0.0,0.0
2024-04-18 02:50:00+00:00,6.940000057220459,6.940000057220459,6.940000057220459,6.940000057220459,18000,0.0,0.0,0.0
2024-04-18 03:10:00+00:00,6.940000057220459,6.940000057220459,6.940000057220459,6.940000057220459,1000,0.0,0.0,0.0
2024-04-18 03:50:00+00:00,6.929999828338623,6.929999828338623,6.929999828338623,6.929999828338623,4000,0.0,0.0,0.0
2024-04-18 04:00:00+00:00,6.929999828338623,6.929999828338623,6.929999828338623,6.929999828338623,10000,0.0,0.0,0.0
2024-04-18 04:45:00+00:00,6.929999828338623,6.929999828338623,6.929999828338623,6.929999828338623,24000,0.0,0.0,0.0
2024-04-18 04:50:00+00:00,6.929999828338623,6.929999828338623,6.929999828338623,6.929999828338623,16000,0.0,0.0,0.0
2024-04-18 05:15:00+00:00,6.940000057220459,6.940000057220459,6.940000057220459,6.940000057220459,5000,0.0,0.0,0.0
2024-04-18 05:20:00+00:00,6.929999828338623,6.929999828338623,6.929999828338623,6.929999828338623,10000,0.0,0.0,0.0
2024-04-19 01:00:00+00:00,7.0,7.010000228881836,7.0,7.010000228881836,0,0.0,0.0,0.0
2024-04-19 01:05:00+00:00,7.0,7.0,7.0,7.0,5000,0.0,0.0,0.0
2024-04-19 01:15:00+00:00,7.010000228881836,7.019999980926514,7.010000228881836,7.019999980926514,4000,0.0,0.0,0.0
2024-04-19 01:20:00+00:00,7.03000020980835,7.03000020980835,7.03000020980835,7.03000020980835,2000,0.0,0.0,0.0
2024-04-19 01:25:00+00:00,7.03000020980835,7.03000020980835,7.03000020980835,7.03000020980835,4000,0.0,0.0,0.0
2024-04-19 01:30:00+00:00,7.039999961853027,7.039999961853027,7.039999961853027,7.039999961853027,9000,0.0,0.0,0.0
2024-04-19 01:35:00+00:00,7.050000190734863,7.070000171661377,7.050000190734863,7.070000171661377,19000,0.0,0.0,0.0
2024-04-19 01:40:00+00:00,7.079999923706055,7.079999923706055,7.079999923706055,7.079999923706055,32000,0.0,0.0,0.0
2024-04-19 01:45:00+00:00,7.079999923706055,7.079999923706055,7.070000171661377,7.079999923706055,135000,0.0,0.0,0.0
2024-04-19 01:50:00+00:00,7.079999923706055,7.079999923706055,7.070000171661377,7.079999923706055,18000,0.0,0.0,0.0
2024-04-19 02:05:00+00:00,7.070000171661377,7.070000171661377,7.070000171661377,7.070000171661377,1000,0.0,0.0,0.0
2024-04-19 02:10:00+00:00,7.079999923706055,7.079999923706055,7.079999923706055,7.079999923706055,5000,0.0,0.0,0.0
2024-04-19 02:15:00+00:00,7.079999923706055,7.079999923706055,7.079999923706055,7.079999923706055,102000,0.0,0.0,0.0
2024-04-19 02:20:00+00:00,7.090000152587891,7.090000152587891,7.090000152587891,7.090000152587891,3000,0.0,0.0,0.0
2024-04-19 02:25:00+00:00,7.090000152587891,7.090000152587891,7.090000152587891,7.090000152587891,2000,0.0,0.0,0.0
2024-04-19 02:30:00+00:00,7.090000152587891,7.099999904632568,7.090000152587891,7.099999904632568,41000,0.0,0.0,0.0
2024-04-19 02:35:00+00:00,7.099999904632568,7.099999904632568,7.099999904632568,7.099999904632568,45000,0.0,0.0,0.0
2024-04-19 02:40:00+00:00,7.099999904632568,7.099999904632568,7.099999904632568,7.099999904632568,2000,0.0,0.0,0.0
2024-04-19 02:45:00+00:00,7.099999904632568,7.099999904632568,7.079999923706055,7.090000152587891,33000,0.0,0.0,0.0
2024-04-19 02:50:00+00:00,7.090000152587891,7.090000152587891,7.090000152587891,7.090000152587891,6000,0.0,0.0,0.0
2024-04-19 02:55:00+00:00,7.099999904632568,7.099999904632568,7.099999904632568,7.099999904632568,3000,0.0,0.0,0.0
2024-04-19 03:00:00+00:00,7.090000152587891,7.090000152587891,7.090000152587891,7.090000152587891,21000,0.0,0.0,0.0
2024-04-19 03:05:00+00:00,7.090000152587891,7.090000152587891,7.079999923706055,7.079999923706055,31000,0.0,0.0,0.0
2024-04-19 03:30:00+00:00,7.070000171661377,7.070000171661377,7.039999961853027,7.039999961853027,43000,0.0,0.0,0.0
2024-04-19 04:00:00+00:00,7.059999942779541,7.059999942779541,7.039999961853027,7.039999961853027,30000,0.0,0.0,0.0
2024-04-19 04:25:00+00:00,7.050000190734863,7.050000190734863,7.050000190734863,7.050000190734863,3000,0.0,0.0,0.0
2024-04-19 04:30:00+00:00,7.050000190734863,7.050000190734863,7.050000190734863,7.050000190734863,1120,0.0,0.0,0.0
2024-04-19 04:50:00+00:00,7.039999961853027,7.039999961853027,7.039999961853027,7.039999961853027,8000,0.0,0.0,0.0
2024-04-19 04:55:00+00:00,7.039999961853027,7.039999961853027,7.039999961853027,7.039999961853027,9000,0.0,0.0,0.0
2024-04-19 05:05:00+00:00,7.050000190734863,7.050000190734863,7.050000190734863,7.050000190734863,28000,0.0,0.0,0.0
2024-04-19 05:10:00+00:00,7.050000190734863,7.050000190734863,7.050000190734863,7.050000190734863,2000,0.0,0.0,0.0
2024-04-19 05:15:00+00:00,7.050000190734863,7.050000190734863,7.050000190734863,7.050000190734863,4000,0.0,0.0,0.0
2024-04-19 05:20:00+00:00,7.050000190734863,7.059999942779541,7.050000190734863,7.050000190734863,107000,0.0,0.0,0.0
2024-04-22 01:00:00+00:00,7.0,7.0,6.960000038146973,6.960000038146973,0,0.0,0.0,0.0
2024-04-22 01:10:00+00:00,6.929999828338623,6.929999828338623,6.929999828338623,6.929999828338623,10000,0.0,0.0,0.0
2024-04-22 01:15:00+00:00,6.940000057220459,6.940000057220459,6.940000057220459,6.940000057220459,1000,0.0,0.0,0.0
2024-04-22 01:20:00+00:00,6.929999828338623,6.929999828338623,6.920000076293945,6.920000076293945,41000,0.0,0.0,0.0
2024-04-22 01:25:00+00:00,6.920000076293945,6.929999828338623,6.920000076293945,6.929999828338623,10000,0.0,0.0,0.0
2024-04-22 01:30:00+00:00,6.940000057220459,6.940000057220459,6.940000057220459,6.940000057220459,2000,0.0,0.0,0.0
2024-04-22 01:45:00+00:00,6.929999828338623,6.929999828338623,6.929999828338623,6.929999828338623,9000,0.0,0.0,0.0
2024-04-22 02:00:00+00:00,6.920000076293945,6.920000076293945,6.920000076293945,6.920000076293945,1000,0.0,0.0,0.0
2024-04-22 02:05:00+00:00,6.929999828338623,6.929999828338623,6.929999828338623,6.929999828338623,1000,0.0,0.0,0.0
2024-04-22 02:15:00+00:00,6.929999828338623,6.929999828338623,6.929999828338623,6.929999828338623,2000,0.0,0.0,0.0
2024-04-22 02:40:00+00:00,6.929999828338623,6.929999828338623,6.929999828338623,6.929999828338623,2000,0.0,0.0,0.0
2024-04-22 02:50:00+00:00,6.929999828338623,6.929999828338623,6.929999828338623,6.929999828338623,3000,0.0,0.0,0.0
2024-04-22 03:00:00+00:00,6.920000076293945,6.920000076293945,6.920000076293945,6.920000076293945,1000,0.0,0.0,0.0
2024-04-22 03:45:00+00:00,6.929999828338623,6.929999828338623,6.929999828338623,6.929999828338623,11000,0.0,0.0,0.0
2024-04-22 04:05:00+00:00,6.929999828338623,6.929999828338623,6.929999828338623,6.929999828338623,3000,0.0,0.0,0.0
2024-04-22 04:15:00+00:00,6.940000057220459,6.940000057220459,6.940000057220459,6.940000057220459,10000,0.0,0.0,0.0
2024-04-22 04:25:00+00:00,6.949999809265137,6.949999809265137,6.940000057220459,6.940000057220459,2000,0.0,0.0,0.0
2024-04-22 04:45:00+00:00,6.940000057220459,6.940000057220459,6.940000057220459,6.940000057220459,1000,0.0,0.0,0.0
2024-04-22 05:00:00+00:00,6.949999809265137,6.949999809265137,6.949999809265137,6.949999809265137,50000,0.0,0.0,0.0
2024-04-22 05:15:00+00:00,6.949999809265137,6.949999809265137,6.949999809265137,6.949999809265137,22000,0.0,0.0,0.0
2024-04-23 01:00:00+00:00,6.880000114440918,6.880000114440918,6.880000114440918,6.880000114440918,0,0.0,0.0,0.0
2024-04-23 01:15:00+00:00,6.880000114440918,6.880000114440918,6.880000114440918,6.880000114440918,5000,0.0,0.0,0.0
2024-04-23 01:20:00+00:00,6.869999885559082,6.869999885559082,6.869999885559082,6.869999885559082,10000,0.0,0.0,0.0
2024-04-23 01:25:00+00:00,6.869999885559082,6.880000114440918,6.869999885559082,6.880000114440918,3000,0.0,0.0,0.0
2024-04-23 01:35:00+00:00,6.880000114440918,6.880000114440918,6.880000114440918,6.880000114440918,10000,0.0,0.0,0.0
2024-04-23 01:50:00+00:00,6.889999866485596,6.889999866485596,6.889999866485596,6.889999866485596,9000,0.0,0.0,0.0
2024-04-23 02:15:00+00:00,6.900000095367432,6.900000095367432,6.900000095367432,6.900000095367432,2000,0.0,0.0,0.0
2024-04-23 03:30:00+00:00,6.889999866485596,6.889999866485596,6.889999866485596,6.889999866485596,4000,0.0,0.0,0.0
2024-04-23 04:10:00+00:00,6.900000095367432,6.900000095367432,6.900000095367432,6.900000095367432,11000,0.0,0.0,0.0
2024-04-23 04:25:00+00:00,6.889999866485596,6.889999866485596,6.889999866485596,6.889999866485596,1000,0.0,0.0,0.0
2024-04-23 04:30:00+00:00,6.889999866485596,6.889999866485596,6.889999866485596,6.889999866485596,2000,0.0,0.0,0.0
2024-04-23 04:45:00+00:00,6.889999866485596,6.889999866485596,6.889999866485596,6.889999866485596,4000,0.0,0.0,0.0
2024-04-23 04:50:00+00:00,6.880000114440918,6.880000114440918,6.880000114440918,6.880000114440918,5000,0.0,0.0,0.0
2024-04-23 05:15:00+00:00,6.889999866485596,6.900000095367432,6.889999866485596,6.900000095367432,82000,0.0,0.0,0.0
2024-04-23 05:20:00+00:00,6.900000095367432,6.900000095367432,6.889999866485596,6.889999866485596,13000,0.0,0.0,0.0
2024-04-24 01:05:00+00:00,6.860000133514404,6.860000133514404,6.860000133514404,6.860000133514404,0,0.0,0.0,0.0
2024-04-24 01:10:00+00:00,6.860000133514404,6.860000133514404,6.860000133514404,6.860000133514404,54000,0.0,0.0,0.0
2024-04-24 01:20:00+00:00,6.860000133514404,6.860000133514404,6.860000133514404,6.860000133514404,0,0.0,0.0,0.0
2024-04-24 01:25:00+00:00,6.849999904632568,6.849999904632568,6.849999904632568,6.849999904632568,74000,0.0,0.0,0.0
2024-04-24 01:45:00+00:00,6.849999904632568,6.860000133514404,6.849999904632568,6.860000133514404,20000,0.0,0.0,0.0
2024-04-24 01:55:00+00:00,6.860000133514404,6.860000133514404,6.849999904632568,6.849999904632568,18000,0.0,0.0,0.0
2024-04-24 02:00:00+00:00,6.849999904632568,6.849999904632568,6.849999904632568,6.849999904632568,1000,0.0,0.0,0.0
2024-04-24 02:05:00+00:00,6.860000133514404,6.860000133514404,6.860000133514404,6.860000133514404,4000,0.0,0.0,0.0
2024-04-24 02:35:00+00:00,6.869999885559082,6.869999885559082,6.869999885559082,6.869999885559082,3000,0.0,0.0,0.0
2024-04-24 02:45:00+00:00,6.869999885559082,6.869999885559082,6.869999885559082,6.869999885559082,1000,0.0,0.0,0.0
2024-04-24 03:15:00+00:00,6.869999885559082,6.869999885559082,6.869999885559082,6.869999885559082,1000,0.0,0.0,0.0
2024-04-24 03:45:00+00:00,6.869999885559082,6.869999885559082,6.869999885559082,6.869999885559082,1000,0.0,0.0,0.0
2024-04-24 04:55:00+00:00,6.860000133514404,6.860000133514404,6.860000133514404,6.860000133514404,2000,0.0,0.0,0.0
2024-04-24 05:20:00+00:00,6.849999904632568,6.849999904632568,6.849999904632568,6.849999904632568,3000,0.0,0.0,0.0
2024-04-25 01:15:00+00:00,6.889999866485596,6.909999847412109,6.889999866485596,6.909999847412109,2000,0.0,0.0,0.0
2024-04-25 01:25:00+00:00,6.900000095367432,6.900000095367432,6.900000095367432,6.900000095367432,7000,0.0,0.0,0.0
2024-04-25 01:40:00+00:00,6.889999866485596,6.889999866485596,6.889999866485596,6.889999866485596,5000,0.0,0.0,0.0
2024-04-25 01:45:00+00:00,6.900000095367432,6.900000095367432,6.900000095367432,6.900000095367432,3000,0.0,0.0,0.0
2024-04-25 01:55:00+00:00,6.909999847412109,6.909999847412109,6.909999847412109,6.909999847412109,3000,0.0,0.0,0.0
2024-04-25 02:10:00+00:00,6.909999847412109,6.909999847412109,6.909999847412109,6.909999847412109,3000,0.0,0.0,0.0
2024-04-25 02:45:00+00:00,6.909999847412109,6.909999847412109,6.909999847412109,6.909999847412109,2000,0.0,0.0,0.0
2024-04-25 03:25:00+00:00,6.900000095367432,6.900000095367432,6.900000095367432,6.900000095367432,5000,0.0,0.0,0.0
2024-04-25 03:30:00+00:00,6.900000095367432,6.900000095367432,6.900000095367432,6.900000095367432,5000,0.0,0.0,0.0
2024-04-25 04:05:00+00:00,6.900000095367432,6.900000095367432,6.900000095367432,6.900000095367432,6000,0.0,0.0,0.0
2024-04-25 05:15:00+00:00,6.880000114440918,6.880000114440918,6.880000114440918,6.880000114440918,5000,0.0,0.0,0.0
2024-04-26 01:10:00+00:00,6.840000152587891,6.840000152587891,6.840000152587891,6.840000152587891,0,0.0,0.0,0.0
2024-04-26 01:15:00+00:00,6.840000152587891,6.840000152587891,6.840000152587891,6.840000152587891,10000,0.0,0.0,0.0
2024-04-26 01:25:00+00:00,6.829999923706055,6.829999923706055,6.829999923706055,6.829999923706055,3000,0.0,0.0,0.0
2024-04-26 01:35:00+00:00,6.829999923706055,6.829999923706055,6.829999923706055,6.829999923706055,5000,0.0,0.0,0.0
2024-04-26 01:45:00+00:00,6.829999923706055,6.829999923706055,6.829999923706055,6.829999923706055,13000,0.0,0.0,0.0
2024-04-26 01:50:00+00:00,6.829999923706055,6.829999923706055,6.829999923706055,6.829999923706055,1000,0.0,0.0,0.0
2024-04-26 02:00:00+00:00,6.829999923706055,6.829999923706055,6.829999923706055,6.829999923706055,6000,0.0,0.0,0.0
2024-04-26 02:05:00+00:00,6.829999923706055,6.829999923706055,6.829999923706055,6.829999923706055,10000,0.0,0.0,0.0
2024-04-26 02:10:00+00:00,6.820000171661377,6.820000171661377,6.820000171661377,6.820000171661377,47000,0.0,0.0,0.0
2024-04-26 02:15:00+00:00,6.820000171661377,6.820000171661377,6.820000171661377,6.820000171661377,80000,0.0,0.0,0.0
2024-04-26 02:30:00+00:00,6.820000171661377,6.820000171661377,6.820000171661377,6.820000171661377,1000,0.0,0.0,0.0
2024-04-26 02:40:00+00:00,6.820000171661377,6.820000171661377,6.820000171661377,6.820000171661377,10000,0.0,0.0,0.0
2024-04-26 03:30:00+00:00,6.820000171661377,6.820000171661377,6.820000171661377,6.820000171661377,0,0.0,0.0,0.0
2024-04-26 03:55:00+00:00,6.820000171661377,6.820000171661377,6.820000171661377,6.820000171661377,191000,0.0,0.0,0.0
2024-04-26 04:15:00+00:00,6.829999923706055,6.829999923706055,6.829999923706055,6.829999923706055,9000,0.0,0.0,0.0
2024-04-26 04:55:00+00:00,6.840000152587891,6.840000152587891,6.840000152587891,6.840000152587891,1000,0.0,0.0,0.0
